sample_id,subject_id,exercise,true_label,pred_label,confidence,prob_correct,prob_error,correct
G1A-Kinect-RTK-R6-Roscoff-037,Roscoff-037,RTK,0,0,1.0,1.0,3.0743654150233723e-11,True
G1A-Kinect-ELK-R5-Roscoff-037,Roscoff-037,ELK,0,0,1.0,1.0,3.0687823809882886e-11,True
G1A-Kinect-CTK-R5-Roscoff-037,Roscoff-037,CTK,0,0,1.0,1.0,3.068401782657659e-11,True
G1A-Kinect-RTK-R1-Brest-079,Brest-079,RTK,0,0,1.0,1.0,1.8666105106035502e-08,True
G1A-Kinect-ELK-R2-Brest-079,Brest-079,ELK,0,0,1.0,1.0,1.2300863438952092e-08,True
G1A-Kinect-RTK-R4-Roscoff-090,Roscoff-090,RTK,0,0,0.9999998807907104,0.9999998807907104,6.165100785437971e-08,True
G1A-Kinect-ELK-R6-Roscoff-090,Roscoff-090,ELK,0,0,0.9999998807907104,0.9999998807907104,6.162137822229852e-08,True
G1A-Kinect-ELK-R3-Brest-011,Brest-011,ELK,0,0,0.9999998807907104,0.9999998807907104,6.879635350287572e-08,True
G1A-Kinect-CTK-R3-Brest-011,Brest-011,CTK,0,0,0.9999998807907104,0.9999998807907104,6.85791334831265e-08,True
G1A-Kinect-RTK-R2-Brest-004,Brest-004,RTK,0,0,1.0,1.0,2.197533488512704e-09,True
G1A-Kinect-ELK-R1-Brest-048,Brest-048,ELK,0,0,1.0,1.0,1.1398014275509859e-18,True
G1A-Kinect-CTK-R2-Brest-048,Brest-048,CTK,0,0,1.0,1.0,1.1419033968850597e-18,True
G1A-Kinect-RTK-R1-Brest-032,Brest-032,RTK,0,0,1.0,1.0,6.7521968918904385e-12,True
G1A-Kinect-CTK-R2-Brest-032,Brest-032,CTK,0,0,1.0,1.0,3.820725420072835e-12,True
G1A-Kinect-ELK-R5-Roscoff-047,Roscoff-047,ELK,0,0,1.0,1.0,7.383485099363152e-13,True
G1A-Kinect-CTK-R4-Roscoff-047,Roscoff-047,CTK,0,0,1.0,1.0,7.42207348098517e-13,True
G1A-Kinect-RTK-R6-Roscoff-045,Roscoff-045,RTK,0,0,0.9999998807907104,0.9999998807907104,5.961145888022656e-08,True
G1A-Kinect-ELK-R4-Roscoff-045,Roscoff-045,ELK,0,0,1.0,1.0,5.959247673104073e-08,True
G1A-Kinect-CTK-R5-Roscoff-045,Roscoff-045,CTK,0,0,0.9999998807907104,0.9999998807907104,5.990106899389502e-08,True
G1A-Kinect-RTK-R6-Roscoff-048,Roscoff-048,RTK,0,0,1.0,1.0,4.2559952784237964e-10,True
G1A-Kinect-ELK-R1-Brest-041,Brest-041,ELK,0,0,1.0,1.0,5.5351084826682495e-11,True
G1A-Kinect-ELK-R1-Brest-014,Brest-014,ELK,0,0,1.0,1.0,1.1600907789954817e-08,True
G1A-Kinect-CTK-R2-Brest-014,Brest-014,CTK,0,0,1.0,1.0,1.2802443549730924e-08,True
G1A-Kinect-CTK-R6-Roscoff-082,Roscoff-082,CTK,0,0,1.0,1.0,1.0562827057469804e-08,True
G1A-Kinect-ELK-R4-Roscoff-082,Roscoff-082,ELK,0,0,1.0,1.0,1.0578554032747434e-08,True
G1A-Kinect-CTK-R4-Roscoff-044,Roscoff-044,CTK,0,0,1.0,1.0,1.8623671493855909e-09,True
G1A-Kinect-ELK-R6-Roscoff-044,Roscoff-044,ELK,0,0,1.0,1.0,1.8889332320526364e-09,True
G1A-Kinect-RTK-R4-Roscoff-087,Roscoff-087,RTK,0,0,1.0,1.0,2.2668925926932343e-13,True
G1A-Kinect-CTK-R4-Roscoff-087,Roscoff-087,CTK,0,0,1.0,1.0,2.3176602238945965e-13,True
G1A-Kinect-RTK-R3-Brest-036,Brest-036,RTK,0,0,1.0,1.0,7.609359670146532e-11,True
G1A-Kinect-CTK-R2-Brest-036,Brest-036,CTK,0,0,1.0,1.0,3.3943514665679686e-11,True
G1A-Kinect-RTK-R3-Brest-100,Brest-100,RTK,0,0,1.0,1.0,1.1846484904154408e-09,True
G1A-Kinect-CTK-R2-Brest-020,Brest-020,CTK,0,0,1.0,1.0,3.062661513286713e-10,True
G1A-Kinect-RTK-R1-Brest-020,Brest-020,RTK,0,0,1.0,1.0,3.738549192444651e-10,True
G1A-Kinect-RTK-R3-Brest-033,Brest-033,RTK,0,0,1.0,1.0,7.205414043198743e-11,True
G1A-Kinect-ELK-R2-Brest-033,Brest-033,ELK,0,0,1.0,1.0,5.4432902629741875e-11,True
G1A-Kinect-CTK-R3-Brest-033,Brest-033,CTK,0,0,1.0,1.0,5.43895241345016e-11,True
G1A-Kinect-RTK-R4-Roscoff-080,Roscoff-080,RTK,0,0,1.0,1.0,2.49732678980763e-10,True
G1A-Kinect-CTK-R4-Roscoff-080,Roscoff-080,CTK,0,0,1.0,1.0,2.498170281750589e-10,True
G1A-Kinect-RTK-R5-Roscoff-008,Roscoff-008,RTK,0,0,1.0,1.0,1.950246604834338e-14,True
G1A-Kinect-CTK-R5-Roscoff-005,Roscoff-005,CTK,0,0,1.0,1.0,1.8154547960433365e-12,True
G2A-Kinect-ELK-S1-Roscoff-005,Roscoff-005,ELK,0,0,1.0,1.0,1.8317957827668208e-12,True
G2A-Kinect-RTK-S1-Roscoff-005,Roscoff-005,RTK,0,0,1.0,1.0,1.8194098571483464e-12,True
G1A-Kinect-RTK-R3-Brest-066,Brest-066,RTK,0,0,1.0,1.0,2.330733384070527e-09,True
G1A-Kinect-CTK-R3-Brest-066,Brest-066,CTK,0,0,1.0,1.0,1.9982036025822936e-09,True
G1A-Kinect-ELK-R3-Brest-066,Brest-066,ELK,0,0,1.0,1.0,1.9891077673861446e-09,True
G1A-Kinect-ELK-R6-Roscoff-078,Roscoff-078,ELK,0,0,1.0,1.0,7.741764451729694e-10,True
G1A-Kinect-RTK-R1-Brest-059,Brest-059,RTK,0,0,1.0,1.0,3.000782200501817e-08,True
G1A-Kinect-ELK-R1-Brest-059,Brest-059,ELK,0,0,1.0,1.0,3.026336869993429e-08,True
G1A-Kinect-RTK-R1-Brest-094,Brest-094,RTK,0,0,1.0,1.0,2.269429956458513e-11,True
G1A-Kinect-CTK-R3-Brest-094,Brest-094,CTK,0,0,1.0,1.0,1.814372090069849e-11,True
G1A-Kinect-CTK-R4-Roscoff-052,Roscoff-052,CTK,0,0,1.0,1.0,2.3351887534772686e-08,True
G2A-Kinect-RTK-S1-Roscoff-052,Roscoff-052,RTK,0,0,1.0,1.0,2.334681070692568e-08,True
G1A-Kinect-CTK-R4-Roscoff-007,Roscoff-007,CTK,0,0,1.0,1.0,3.4907610656220722e-12,True
G2A-Kinect-ELK-S3-Roscoff-007,Roscoff-007,ELK,0,0,1.0,1.0,3.470989337964192e-12,True
G1A-Kinect-CTK-R6-Roscoff-079,Roscoff-079,CTK,0,0,1.0,1.0,1.9617378554936948e-10,True
G1A-Kinect-ELK-R6-Roscoff-043,Roscoff-043,ELK,0,0,1.0,1.0,1.0489450454065352e-11,True
G2A-Kinect-CTK-S1-Roscoff-043,Roscoff-043,CTK,0,0,1.0,1.0,1.0394489956266906e-11,True
G1A-Kinect-CTK-R1-Brest-071,Brest-071,CTK,0,0,1.0,1.0,1.4957111937885514e-10,True
G1A-Kinect-ELK-R4-Roscoff-054,Roscoff-054,ELK,0,0,1.0,1.0,4.521207941365901e-08,True
G1A-Kinect-RTK-R5-Roscoff-054,Roscoff-054,RTK,0,0,1.0,1.0,4.475964487937745e-08,True
G1A-Kinect-CTK-R1-Brest-042,Brest-042,CTK,0,0,1.0,1.0,3.240519658165297e-11,True
G1A-Kinect-ELK-R3-Brest-080,Brest-080,ELK,0,0,1.0,1.0,5.3576223318918537e-11,True
G1A-Kinect-RTK-R2-Brest-035,Brest-035,RTK,0,0,1.0,1.0,2.8662029347148454e-11,True
G1A-Kinect-ELK-R3-Brest-035,Brest-035,ELK,0,0,1.0,1.0,2.91338342339742e-11,True
G1A-Kinect-CTK-R3-Brest-067,Brest-067,CTK,0,0,1.0,1.0,2.884864791496966e-09,True
G1A-Kinect-RTK-R2-Brest-067,Brest-067,RTK,0,0,1.0,1.0,2.879971816582838e-09,True
G1A-Kinect-ELK-R2-Brest-067,Brest-067,ELK,0,0,1.0,1.0,2.885822247833403e-09,True
G1A-Kinect-CTK-R6-Roscoff-035,Roscoff-035,CTK,0,0,1.0,1.0,6.47980627488387e-11,True
G1A-Kinect-ELK-R1-Brest-092,Brest-092,ELK,0,0,1.0,1.0,1.0007095596620275e-08,True
G1A-Kinect-CTK-R3-Brest-092,Brest-092,CTK,0,0,1.0,1.0,9.98006655095196e-09,True
G1A-Kinect-RTK-R2-Brest-092,Brest-092,RTK,0,0,1.0,1.0,1.0001027561656883e-08,True
G1A-Kinect-ELK-R4-Roscoff-065,Roscoff-065,ELK,0,0,1.0,1.0,2.5715041207519107e-10,True
G1A-Kinect-RTK-R4-Roscoff-065,Roscoff-065,RTK,0,0,1.0,1.0,2.5710433781966913e-10,True
G1A-Kinect-ELK-R5-Roscoff-026,Roscoff-026,ELK,0,0,1.0,1.0,7.314462369123476e-10,True
G2A-Kinect-CTK-S4-Roscoff-026,Roscoff-026,CTK,0,0,1.0,1.0,7.325352546772024e-10,True
G1A-Kinect-ELK-R2-Brest-076,Brest-076,ELK,0,0,1.0,1.0,1.9924339955679216e-09,True
G1A-Kinect-CTK-R2-Brest-065,Brest-065,CTK,0,0,1.0,1.0,7.73194916837798e-14,True
G1A-Kinect-ELK-R5-Roscoff-024,Roscoff-024,ELK,0,0,1.0,1.0,2.1074975098400728e-10,True
G1A-Kinect-CTK-R2-Brest-055,Brest-055,CTK,0,0,1.0,1.0,4.215551518971239e-10,True
G1A-Kinect-RTK-R1-Brest-055,Brest-055,RTK,0,0,1.0,1.0,4.234020911653147e-10,True
G1A-Kinect-ELK-R3-Brest-055,Brest-055,ELK,0,0,1.0,1.0,4.2424361246240494e-10,True
G1A-Kinect-ELK-R6-Roscoff-089,Roscoff-089,ELK,0,0,1.0,1.0,6.236904655926301e-12,True
G1A-Kinect-CTK-R4-Roscoff-089,Roscoff-089,CTK,0,0,1.0,1.0,6.1901039849487915e-12,True
G1A-Kinect-ELK-R3-Brest-002,Brest-002,ELK,0,0,1.0,1.0,1.014592854176044e-09,True
G1A-Kinect-CTK-R3-Brest-002,Brest-002,CTK,0,0,1.0,1.0,1.1757278484125777e-09,True
G1A-Kinect-RTK-R5-Roscoff-058,Roscoff-058,RTK,0,0,1.0,1.0,1.3239350726834687e-09,True
G1A-Kinect-ELK-R5-Roscoff-058,Roscoff-058,ELK,0,0,1.0,1.0,1.3299891188367496e-09,True
G1A-Kinect-CTK-R5-Roscoff-058,Roscoff-058,CTK,0,0,1.0,1.0,1.3223072636847633e-09,True
G1A-Kinect-RTK-R4-Roscoff-014,Roscoff-014,RTK,0,0,1.0,1.0,3.2129632288047105e-09,True
G1A-Kinect-ELK-R6-Roscoff-086,Roscoff-086,ELK,0,0,1.0,1.0,4.858132993112996e-11,True
G1A-Kinect-RTK-R4-Roscoff-086,Roscoff-086,RTK,0,0,1.0,1.0,4.905630415774631e-11,True
G1A-Kinect-RTK-R6-Roscoff-040,Roscoff-040,RTK,0,0,1.0,1.0,1.580792580169188e-10,True
G1A-Kinect-CTK-R6-Roscoff-040,Roscoff-040,CTK,0,0,1.0,1.0,1.6015756776344148e-10,True
G1A-Kinect-RTK-R3-Brest-083,Brest-083,RTK,0,0,1.0,1.0,2.4303668411107537e-08,True
G1A-Kinect-CTK-R3-Brest-083,Brest-083,CTK,0,0,1.0,1.0,2.42090560931274e-08,True
G1A-Kinect-ELK-R3-Brest-083,Brest-083,ELK,0,0,1.0,1.0,2.4382321939242502e-08,True
G1A-Kinect-CTK-R6-Roscoff-031,Roscoff-031,CTK,0,0,1.0,1.0,7.596214239222188e-13,True
G1A-Kinect-ELK-R4-Roscoff-031,Roscoff-031,ELK,0,0,1.0,1.0,7.625377651358789e-13,True
G1A-Kinect-RTK-R4-Roscoff-031,Roscoff-031,RTK,0,0,1.0,1.0,7.650084992566475e-13,True
G1A-Kinect-RTK-R4-Roscoff-051,Roscoff-051,RTK,0,0,1.0,1.0,4.430537270394552e-09,True
G1A-Kinect-ELK-R4-Roscoff-051,Roscoff-051,ELK,0,0,1.0,1.0,4.42879644069194e-09,True
G2A-Kinect-CTK-S1-Roscoff-051,Roscoff-051,CTK,0,0,1.0,1.0,4.39532898965922e-09,True
G1A-Kinect-RTK-R4-Roscoff-096,Roscoff-096,RTK,0,0,1.0,1.0,2.34653928232742e-11,True
G1A-Kinect-ELK-R5-Roscoff-025,Roscoff-025,ELK,0,0,1.0,1.0,3.118538982604946e-09,True
G2A-Kinect-CTK-S2-Roscoff-025,Roscoff-025,CTK,0,0,1.0,1.0,3.132817338880045e-09,True
G2A-Kinect-RTK-S1-Roscoff-025,Roscoff-025,RTK,0,0,1.0,1.0,3.119865477074768e-09,True
G1A-Kinect-RTK-R1-Brest-073,Brest-073,RTK,0,0,1.0,1.0,8.828122954884776e-11,True
G1A-Kinect-CTK-R1-Brest-073,Brest-073,CTK,0,0,1.0,1.0,1.9605631007557633e-10,True
G1A-Kinect-ELK-R2-Brest-073,Brest-073,ELK,0,0,1.0,1.0,8.755713515329333e-11,True
G1A-Kinect-RTK-R3-Brest-039,Brest-039,RTK,0,0,0.9999996423721313,0.9999996423721313,3.2688384976609086e-07,True
G1A-Kinect-ELK-R2-Brest-039,Brest-039,ELK,0,0,0.9999996423721313,0.9999996423721313,3.265735415425297e-07,True
G1A-Kinect-CTK-R3-Brest-039,Brest-039,CTK,0,0,0.9999996423721313,0.9999996423721313,3.257769094489049e-07,True
G1A-Kinect-ELK-R4-Roscoff-084,Roscoff-084,ELK,0,0,1.0,1.0,5.3248139231243385e-09,True
G2A-Kinect-RTK-S3-Roscoff-084,Roscoff-084,RTK,0,0,1.0,1.0,5.337158270890541e-09,True
G1A-Kinect-CTK-R2-Brest-070,Brest-070,CTK,0,0,1.0,1.0,7.1986492322650975e-09,True
G1A-Kinect-ELK-R3-Brest-070,Brest-070,ELK,0,0,1.0,1.0,7.254291833902471e-09,True
G1A-Kinect-CTK-R5-Roscoff-004,Roscoff-004,CTK,0,0,1.0,1.0,6.220797488243335e-11,True
G1A-Kinect-ELK-R4-Roscoff-004,Roscoff-004,ELK,0,0,1.0,1.0,6.229477350627732e-11,True
G1A-Kinect-CTK-R5-Roscoff-075,Roscoff-075,CTK,0,0,1.0,1.0,2.015292516199807e-10,True
G1A-Kinect-RTK-R6-Roscoff-075,Roscoff-075,RTK,0,0,1.0,1.0,2.0211320117535791e-10,True
G1A-Kinect-RTK-R1-Brest-089,Brest-089,RTK,0,0,1.0,1.0,3.3110719721562987e-10,True
G1A-Kinect-ELK-R6-Roscoff-016,Roscoff-016,ELK,0,0,1.0,1.0,1.17936563293064e-10,True
G1A-Kinect-CTK-R5-Roscoff-016,Roscoff-016,CTK,0,0,1.0,1.0,1.1757608775475603e-10,True
G1A-Kinect-CTK-R4-Roscoff-053,Roscoff-053,CTK,0,0,1.0,1.0,8.013822383468039e-10,True
G1A-Kinect-ELK-R5-Roscoff-053,Roscoff-053,ELK,0,0,1.0,1.0,8.005098806052047e-10,True
G1A-Kinect-RTK-R5-Roscoff-053,Roscoff-053,RTK,0,0,1.0,1.0,8.001191376116878e-10,True
G1A-Kinect-ELK-R4-Roscoff-015,Roscoff-015,ELK,0,0,1.0,1.0,5.590530208904321e-13,True
G2A-Kinect-CTK-S4-Roscoff-015,Roscoff-015,CTK,0,0,1.0,1.0,5.591362334071703e-13,True
G1A-Kinect-RTK-R3-Brest-009,Brest-009,RTK,0,0,1.0,1.0,1.8123660558422294e-11,True
G1A-Kinect-RTK-R1-Brest-006,Brest-006,RTK,0,0,1.0,1.0,1.5735165720311833e-13,True
G1A-Kinect-RTK-R5-Roscoff-098,Roscoff-098,RTK,0,0,1.0,1.0,1.0930800709019195e-10,True
G1A-Kinect-CTK-R6-Roscoff-098,Roscoff-098,CTK,0,0,1.0,1.0,1.095787488525346e-10,True
G1A-Kinect-CTK-R4-Roscoff-010,Roscoff-010,CTK,0,0,1.0,1.0,7.94882992164337e-15,True
G1A-Kinect-ELK-R6-Roscoff-010,Roscoff-010,ELK,0,0,1.0,1.0,1.0283411966470306e-14,True
G2A-Kinect-RTK-S1-Roscoff-010,Roscoff-010,RTK,0,0,1.0,1.0,7.884053924035045e-15,True
G1A-Kinect-CTK-R6-Roscoff-100,Roscoff-100,CTK,0,0,1.0,1.0,2.1581925135905067e-09,True
G1A-Kinect-CTK-R3-Brest-084,Brest-084,CTK,0,0,1.0,1.0,5.846240158646765e-11,True
G1A-Kinect-ELK-R1-Brest-049,Brest-049,ELK,0,0,1.0,1.0,1.2716935837708832e-10,True
G1A-Kinect-CTK-R3-Brest-102,Brest-102,CTK,0,0,1.0,1.0,3.2415749771919078e-12,True
G1A-Kinect-CTK-R3-Brest-072,Brest-072,CTK,0,0,0.9999998807907104,0.9999998807907104,1.0358073865290862e-07,True
G1A-Kinect-CTK-R1-Brest-056,Brest-056,CTK,0,0,1.0,1.0,5.597941207802215e-11,True
G1A-Kinect-ELK-R2-Brest-038,Brest-038,ELK,0,0,1.0,1.0,8.342025958896215e-10,True
G1A-Kinect-RTK-R2-Brest-038,Brest-038,RTK,0,0,1.0,1.0,8.326542788594793e-10,True
G1A-Kinect-CTK-R1-Brest-038,Brest-038,CTK,0,0,1.0,1.0,8.369884785253134e-10,True
G1A-Kinect-RTK-R4-Roscoff-003,Roscoff-003,RTK,0,0,1.0,1.0,3.2789230886010046e-08,True
G2A-Kinect-CTK-S2-Roscoff-003,Roscoff-003,CTK,0,0,1.0,1.0,3.272125326247988e-08,True
G1A-Kinect-RTK-R5-Roscoff-034,Roscoff-034,RTK,0,0,1.0,1.0,8.120922558449092e-16,True
G1A-Kinect-RTK-R1-Brest-016,Brest-016,RTK,0,0,1.0,1.0,1.0250772453090917e-09,True
G1A-Kinect-ELK-R2-Brest-017,Brest-017,ELK,0,0,1.0,1.0,3.7547853715125257e-10,True
G1A-Kinect-RTK-R1-Brest-012,Brest-012,RTK,0,0,1.0,1.0,9.178100716499688e-14,True
G1A-Kinect-ELK-R2-Brest-012,Brest-012,ELK,0,0,1.0,1.0,9.205239652129715e-14,True
G1A-Kinect-CTK-R2-Brest-107,Brest-107,CTK,0,0,1.0,1.0,6.106867789235082e-11,True
G1A-Kinect-ELK-R1-Brest-029,Brest-029,ELK,0,0,1.0,1.0,9.425015434771922e-09,True
G1A-Kinect-RTK-R3-Brest-029,Brest-029,RTK,0,0,1.0,1.0,9.420432434126269e-09,True
G2A-Kinect-CTK-S1-Brest-029,Brest-029,CTK,0,0,1.0,1.0,1.6881184450312503e-08,True
G1A-Kinect-RTK-R2-Brest-082,Brest-082,RTK,0,0,1.0,1.0,1.658111536961826e-09,True
G1A-Kinect-RTK-R6-Roscoff-011,Roscoff-011,RTK,0,0,1.0,1.0,8.724040934104949e-11,True
G1A-Kinect-CTK-R5-Roscoff-097,Roscoff-097,CTK,0,0,1.0,1.0,5.756499877468402e-12,True
G1A-Kinect-ELK-R1-Brest-069,Brest-069,ELK,0,0,1.0,1.0,4.661453081172828e-12,True
G1A-Kinect-ELK-R6-Roscoff-019,Roscoff-019,ELK,0,0,1.0,1.0,1.1424468038256919e-09,True
G1A-Kinect-CTK-R4-Roscoff-019,Roscoff-019,CTK,0,0,1.0,1.0,1.1552456768981756e-09,True
G1A-Kinect-CTK-R1-Brest-054,Brest-054,CTK,0,0,1.0,1.0,4.023305577582903e-10,True
G1A-Kinect-ELK-R5-Roscoff-032,Roscoff-032,ELK,0,0,1.0,1.0,1.253131626244297e-10,True
G1A-Kinect-RTK-R5-Roscoff-041,Roscoff-041,RTK,0,0,0.9999980926513672,0.9999980926513672,1.919385340443114e-06,True
G1A-Kinect-CTK-R4-Roscoff-041,Roscoff-041,CTK,0,0,0.9999980926513672,0.9999980926513672,1.938261902978411e-06,True
G1A-Kinect-CTK-R5-Roscoff-063,Roscoff-063,CTK,0,0,1.0,1.0,1.0210181311531841e-10,True
G1A-Kinect-ELK-R5-Roscoff-063,Roscoff-063,ELK,0,0,1.0,1.0,1.023250373322071e-10,True
G2A-Kinect-RTK-S2-Roscoff-063,Roscoff-063,RTK,0,0,1.0,1.0,1.0956266449646535e-10,True
G1A-Kinect-CTK-R1-Brest-022,Brest-022,CTK,0,0,1.0,1.0,5.6870367790007315e-12,True
G1A-Kinect-CTK-R3-Brest-106,Brest-106,CTK,0,0,1.0,1.0,1.1601925642423794e-08,True
G1A-Kinect-RTK-R6-Roscoff-013,Roscoff-013,RTK,0,0,1.0,1.0,5.91472227098877e-12,True
G2A-Kinect-CTK-S1-Roscoff-013,Roscoff-013,CTK,0,0,1.0,1.0,6.321566967809611e-12,True
G1A-Kinect-CTK-R6-Roscoff-101,Roscoff-101,CTK,0,0,1.0,1.0,6.595775087128025e-14,True
G1A-Kinect-ELK-R4-Roscoff-036,Roscoff-036,ELK,0,0,1.0,1.0,3.431891437699619e-09,True
G1A-Kinect-RTK-R5-Roscoff-023,Roscoff-023,RTK,0,0,1.0,1.0,2.7696456239567624e-10,True
G1A-Kinect-CTK-R6-Roscoff-023,Roscoff-023,CTK,0,0,1.0,1.0,2.759552863995651e-10,True
G1A-Kinect-ELK-R6-Roscoff-023,Roscoff-023,ELK,0,0,1.0,1.0,2.7494340137934614e-10,True
G1A-Kinect-RTK-R1-Brest-019,Brest-019,RTK,0,0,1.0,1.0,5.430002669726264e-09,True
G1A-Kinect-RTK-R4-Roscoff-081,Roscoff-081,RTK,0,0,1.0,1.0,2.4487589690355693e-13,True
G1A-Kinect-ELK-R5-Roscoff-081,Roscoff-081,ELK,0,0,1.0,1.0,2.4476942825021886e-13,True
G1A-Kinect-CTK-R4-Roscoff-081,Roscoff-081,CTK,0,0,1.0,1.0,2.4481702472559097e-13,True
G1A-Kinect-CTK-R4-Roscoff-076,Roscoff-076,CTK,0,0,1.0,1.0,4.862905217395408e-12,True
G1A-Kinect-RTK-R5-Roscoff-076,Roscoff-076,RTK,0,0,1.0,1.0,4.865595773506648e-12,True
G1A-Kinect-ELK-R3-Brest-028,Brest-028,ELK,0,0,1.0,1.0,4.408132525668407e-09,True
G1A-Kinect-ELK-R4-Roscoff-030,Roscoff-030,ELK,0,0,1.0,1.0,5.965997140755519e-10,True
G2A-Kinect-RTK-S3-Roscoff-030,Roscoff-030,RTK,0,0,1.0,1.0,5.847760053967477e-10,True
G1A-Kinect-ELK-R5-Roscoff-042,Roscoff-042,ELK,0,0,1.0,1.0,9.414562879284105e-12,True
G2A-Kinect-RTK-S6-Roscoff-042,Roscoff-042,RTK,0,0,1.0,1.0,9.452527302555858e-12,True
G1A-Kinect-ELK-R6-Roscoff-056,Roscoff-056,ELK,0,0,1.0,1.0,4.0294953485009444e-10,True
G1A-Kinect-RTK-R6-Roscoff-056,Roscoff-056,RTK,0,0,1.0,1.0,4.0297107317677217e-10,True
G1A-Kinect-ELK-R6-Roscoff-018,Roscoff-018,ELK,0,0,1.0,1.0,1.6960612470029446e-08,True
G2A-Kinect-CTK-S2-Roscoff-018,Roscoff-018,CTK,0,0,1.0,1.0,1.693326723284372e-08,True
G1A-Kinect-ELK-R1-Brest-062,Brest-062,ELK,0,0,1.0,1.0,1.3818420185884861e-08,True
G1A-Kinect-CTK-R1-Brest-062,Brest-062,CTK,0,0,1.0,1.0,1.3819263955383576e-08,True
G1A-Kinect-ELK-R2-Brest-008,Brest-008,ELK,0,0,0.9999991655349731,0.9999991655349731,8.387262369069504e-07,True
G1A-Kinect-CTK-R2-Brest-008,Brest-008,CTK,0,0,0.9999991655349731,0.9999991655349731,8.388749961341091e-07,True
G1A-Kinect-RTK-R5-Roscoff-099,Roscoff-099,RTK,0,0,1.0,1.0,7.181235207182057e-12,True
G1A-Kinect-CTK-R1-Brest-108,Brest-108,CTK,0,0,1.0,1.0,1.3688026406777354e-11,True
G1A-Kinect-ELK-R6-Roscoff-006,Roscoff-006,ELK,0,0,1.0,1.0,6.1841891607627986e-09,True
G1A-Kinect-CTK-R6-Roscoff-006,Roscoff-006,CTK,0,0,1.0,1.0,6.1665099693186676e-09,True
G1A-Kinect-CTK-R6-Roscoff-027,Roscoff-027,CTK,0,0,1.0,1.0,6.5534595979077626e-12,True
G1A-Kinect-RTK-R6-Roscoff-027,Roscoff-027,RTK,0,0,1.0,1.0,6.583514983171668e-12,True
G1A-Kinect-RTK-R4-Roscoff-022,Roscoff-022,RTK,0,0,1.0,1.0,1.89079025873784e-12,True
G1A-Kinect-ELK-R5-Roscoff-022,Roscoff-022,ELK,0,0,1.0,1.0,1.8896655074041036e-12,True
G1A-Kinect-RTK-R3-Brest-078,Brest-078,RTK,0,0,1.0,1.0,7.057451845149387e-12,True
G1A-Kinect-CTK-R2-Brest-078,Brest-078,CTK,0,0,1.0,1.0,4.877712816986346e-12,True
G1A-Kinect-RTK-R5-Roscoff-088,Roscoff-088,RTK,0,0,1.0,1.0,3.5451834801136783e-09,True
G2A-Kinect-CTK-S4-Roscoff-088,Roscoff-088,CTK,0,0,1.0,1.0,3.506073653625208e-09,True
G1A-Kinect-ELK-R6-Roscoff-057,Roscoff-057,ELK,0,0,1.0,1.0,2.3136849966291784e-13,True
G1A-Kinect-CTK-R1-Brest-095,Brest-095,CTK,0,0,1.0,1.0,1.562922019452198e-13,True
G1A-Kinect-ELK-R3-Brest-040,Brest-040,ELK,0,0,1.0,1.0,9.177899759627017e-12,True
G1A-Kinect-CTK-R5-Roscoff-049,Roscoff-049,CTK,0,0,1.0,1.0,9.55070800223723e-10,True
G2A-Kinect-RTK-S1-Roscoff-049,Roscoff-049,RTK,0,0,1.0,1.0,9.561699210181018e-10,True
G1A-Kinect-ELK-R3-Brest-034,Brest-034,ELK,0,0,1.0,1.0,1.677563795342285e-13,True
G2A-Kinect-CTK-S1-Brest-034,Brest-034,CTK,0,0,1.0,1.0,1.6228709457007107e-13,True
G1A-Kinect-CTK-R3-Brest-064,Brest-064,CTK,0,0,1.0,1.0,3.9175848676187286e-10,True
G1A-Kinect-ELK-R2-Brest-064,Brest-064,ELK,0,0,1.0,1.0,2.0095311525913928e-10,True
G1A-Kinect-CTK-R2-Brest-030,Brest-030,CTK,0,0,1.0,1.0,4.0846215298984134e-10,True
G1A-Kinect-RTK-R5-Roscoff-028,Roscoff-028,RTK,0,0,1.0,1.0,2.4789587271811797e-08,True
G1A-Kinect-CTK-R5-Roscoff-028,Roscoff-028,CTK,0,0,1.0,1.0,2.4770397288875756e-08,True
G1A-Kinect-RTK-R4-Roscoff-091,Roscoff-091,RTK,0,0,1.0,1.0,1.0004805872654288e-08,True
G1A-Kinect-ELK-R4-Roscoff-091,Roscoff-091,ELK,0,0,1.0,1.0,1.0178167642038716e-08,True
G2A-Kinect-CTK-S3-Roscoff-091,Roscoff-091,CTK,0,0,1.0,1.0,1.0095107860763619e-08,True
G1A-Kinect-ELK-R1-Brest-046,Brest-046,ELK,0,0,1.0,1.0,4.9451342326589653e-11,True
G1A-Kinect-RTK-R3-Brest-046,Brest-046,RTK,0,0,1.0,1.0,6.152886533605795e-11,True
G1A-Kinect-ELK-R4-Roscoff-009,Roscoff-009,ELK,0,0,1.0,1.0,3.12325776352651e-10,True
G2A-Kinect-CTK-S1-Roscoff-009,Roscoff-009,CTK,0,0,1.0,1.0,3.130641579307536e-10,True
G1A-Kinect-ELK-R5-Roscoff-068,Roscoff-068,ELK,0,0,1.0,1.0,4.888766724775451e-09,True
G1A-Kinect-RTK-R6-Roscoff-068,Roscoff-068,RTK,0,0,1.0,1.0,4.889372462457686e-09,True
G2A-Kinect-CTK-S4-Roscoff-068,Roscoff-068,CTK,0,0,1.0,1.0,4.896801186760058e-09,True
G1A-Kinect-CTK-R1-Brest-057,Brest-057,CTK,0,0,1.0,1.0,4.5649539703873643e-10,True
G1A-Kinect-RTK-R3-Brest-057,Brest-057,RTK,0,0,1.0,1.0,4.686741550408158e-10,True
G1A-Kinect-ELK-R2-Brest-087,Brest-087,ELK,0,0,1.0,1.0,3.798378833685945e-10,True
G1A-Kinect-RTK-R2-Brest-097,Brest-097,RTK,0,0,1.0,1.0,9.849197152300704e-11,True
G1A-Kinect-RTK-R6-Roscoff-002,Roscoff-002,RTK,0,0,1.0,1.0,7.703290783034333e-10,True
G1A-Kinect-RTK-R6-Roscoff-069,Roscoff-069,RTK,0,0,1.0,1.0,1.2185841189739886e-14,True
G1A-Kinect-CTK-R6-Roscoff-069,Roscoff-069,CTK,0,0,1.0,1.0,1.2126530248707246e-14,True
G1A-Kinect-CTK-R2-Brest-024,Brest-024,CTK,0,0,1.0,1.0,6.9653753875797975e-09,True
G1A-Kinect-RTK-R1-Brest-024,Brest-024,RTK,0,0,1.0,1.0,6.988717160538727e-09,True
G1A-Kinect-CTK-R6-Roscoff-060,Roscoff-060,CTK,0,0,1.0,1.0,2.8460187095902256e-08,True
G1A-Kinect-RTK-R5-Roscoff-060,Roscoff-060,RTK,0,0,1.0,1.0,2.849103530877528e-08,True
G2A-Kinect-ELK-S1-Roscoff-060,Roscoff-060,ELK,0,0,1.0,1.0,2.8514413941138628e-08,True
G1A-Kinect-CTK-R1-Brest-104,Brest-104,CTK,0,0,1.0,1.0,5.3352308194195425e-14,True
G1A-Kinect-CTK-R2-Brest-086,Brest-086,CTK,0,0,1.0,1.0,3.1733331518069008e-09,True
G1A-Kinect-RTK-R4-Roscoff-017,Roscoff-017,RTK,0,0,1.0,1.0,7.888754753604399e-13,True
G1A-Kinect-CTK-R6-Roscoff-017,Roscoff-017,CTK,0,0,1.0,1.0,7.897878856986951e-13,True
G1A-Kinect-ELK-R2-Brest-001,Brest-001,ELK,0,0,1.0,1.0,5.5852069497097645e-11,True
G1A-Kinect-ELK-R5-Roscoff-020,Roscoff-020,ELK,0,0,1.0,1.0,8.508261317707877e-10,True
G1A-Kinect-CTK-R1-Brest-099,Brest-099,CTK,0,0,1.0,1.0,2.46583226060082e-10,True
G1A-Kinect-ELK-R3-Brest-088,Brest-088,ELK,0,0,1.0,1.0,1.6580362300136486e-12,True
G1A-Kinect-RTK-R2-Brest-085,Brest-085,RTK,0,0,1.0,1.0,1.0070458356103984e-11,True
G1A-Kinect-ELK-R4-Roscoff-050,Roscoff-050,ELK,0,0,0.9999998807907104,0.9999998807907104,1.1063610116934797e-07,True
G1A-Kinect-CTK-R5-Roscoff-050,Roscoff-050,CTK,0,0,0.9999998807907104,0.9999998807907104,1.1971334856752947e-07,True
G2A-Kinect-RTK-S1-Roscoff-050,Roscoff-050,RTK,0,0,0.9999998807907104,0.9999998807907104,1.2331783239005745e-07,True
G1A-Kinect-CTK-R5-Roscoff-105,Roscoff-105,CTK,0,0,1.0,1.0,4.795063998641602e-11,True
G1A-Kinect-RTK-R1-Brest-018,Brest-018,RTK,0,0,1.0,1.0,3.2720218678602975e-14,True
G1A-Kinect-ELK-R1-Brest-052,Brest-052,ELK,0,0,1.0,1.0,1.4076404930563058e-08,True
G1A-Kinect-ELK-R1-Brest-074,Brest-074,ELK,0,0,1.0,1.0,9.687306512518035e-12,True
G2A-Kinect-RTK-S5-Brest-074,Brest-074,RTK,0,0,1.0,1.0,9.717563559386022e-12,True
G1A-Kinect-ELK-R3-Brest-013,Brest-013,ELK,0,0,1.0,1.0,1.3350563710101682e-10,True
G1A-Kinect-ELK-R2-Brest-027,Brest-027,ELK,0,0,1.0,1.0,8.53862811077237e-14,True
G1A-Kinect-CTK-R4-Roscoff-103,Roscoff-103,CTK,0,0,1.0,1.0,6.315749312424401e-11,True
G1A-Kinect-RTK-R6-Roscoff-001,Roscoff-001,RTK,0,0,1.0,1.0,1.2485521949656686e-08,True
G2A-Kinect-CTK-S4-Roscoff-001,Roscoff-001,CTK,0,0,1.0,1.0,1.2465937615502298e-08,True
G1A-Kinect-ELK-R3-Brest-061,Brest-061,ELK,0,0,1.0,1.0,4.873388803616763e-08,True
G1A-Kinect-CTK-R1-Brest-061,Brest-061,CTK,0,0,1.0,1.0,4.8957303988572676e-08,True
G1A-Kinect-RTK-R3-Brest-061,Brest-061,RTK,0,0,1.0,1.0,4.850557999702687e-08,True
G1A-Kinect-RTK-R2-Brest-044,Brest-044,RTK,0,0,1.0,1.0,8.462136547038313e-10,True
G1A-Kinect-RTK-R3-Brest-101,Brest-101,RTK,0,0,1.0,1.0,3.254006222461192e-13,True
G1A-Kinect-RTK-R2-Brest-047,Brest-047,RTK,0,0,1.0,1.0,1.1351696665995448e-10,True
G1A-Kinect-RTK-R6-Roscoff-070,Roscoff-070,RTK,0,0,1.0,1.0,5.53305838646434e-12,True
G1A-Kinect-RTK-R2-Brest-093,Brest-093,RTK,0,0,1.0,1.0,7.504222395392224e-13,True
G2A-Kinect-CTK-S1-Brest-093,Brest-093,CTK,0,0,1.0,1.0,3.6217792545416294e-13,True
G1A-Kinect-RTK-R2-Brest-007,Brest-007,RTK,0,0,0.9999997615814209,0.9999997615814209,2.6974521460942924e-07,True
G1A-Kinect-RTK-R5-Roscoff-064,Roscoff-064,RTK,0,0,1.0,1.0,1.1428069157659593e-08,True
G1A-Kinect-RTK-R2-Brest-015,Brest-015,RTK,0,0,1.0,1.0,1.488438616803478e-08,True
G1A-Kinect-CTK-R5-Roscoff-085,Roscoff-085,CTK,0,0,1.0,1.0,1.8405556592715477e-11,True
G2A-Kinect-ELK-S3-Roscoff-085,Roscoff-085,ELK,0,0,1.0,1.0,1.8965414308458328e-11,True
G1A-Kinect-ELK-R1-Brest-003,Brest-003,ELK,0,0,1.0,1.0,2.0834849123740895e-10,True
G1A-Kinect-ELK-R1-Brest-075,Brest-075,ELK,0,0,1.0,1.0,3.920101743215554e-11,True
G2A-Kinect-CTK-S3-Roscoff-077,Roscoff-077,CTK,0,0,1.0,1.0,1.5719162083094318e-11,True
G2A-Kinect-ELK-S1-Roscoff-077,Roscoff-077,ELK,0,0,1.0,1.0,1.584118079767105e-11,True
G2A-Kinect-RTK-S6-Roscoff-077,Roscoff-077,RTK,0,0,1.0,1.0,1.5854631843503775e-11,True
G2A-Kinect-RTK-S5-Brest-043,Brest-043,RTK,0,0,1.0,1.0,1.3861902944944937e-11,True
G2A-Kinect-RTK-S1-Roscoff-072,Roscoff-072,RTK,0,0,1.0,1.0,1.842615088287758e-10,True
G2A-Kinect-ELK-S1-Roscoff-072,Roscoff-072,ELK,0,0,1.0,1.0,1.8311582805630167e-10,True
G2A-Kinect-CTK-S1-Brest-096,Brest-096,CTK,0,0,1.0,1.0,4.683470833377612e-10,True
G2A-Kinect-RTK-S2-Roscoff-021,Roscoff-021,RTK,0,0,1.0,1.0,4.392332678126998e-11,True
G2A-Kinect-ELK-S3-Roscoff-021,Roscoff-021,ELK,0,0,1.0,1.0,4.3773703412020026e-11,True
G2A-Kinect-CTK-S2-Roscoff-021,Roscoff-021,CTK,0,0,1.0,1.0,4.3891001944018626e-11,True
G2A-Kinect-CTK-S4-Roscoff-046,Roscoff-046,CTK,0,0,0.9999996423721313,0.9999996423721313,3.2409081995865563e-07,True
G2A-Kinect-CTK-S1-Brest-090,Brest-090,CTK,0,0,1.0,1.0,5.0434925333298075e-12,True
G2A-Kinect-RTK-S5-Brest-026,Brest-026,RTK,0,0,1.0,1.0,1.5093223979661952e-12,True
G2A-Kinect-RTK-S6-Roscoff-062,Roscoff-062,RTK,0,0,1.0,1.0,7.519238565123487e-09,True
G2A-Kinect-CTK-S1-Roscoff-012,Roscoff-012,CTK,0,0,1.0,1.0,1.596841547879535e-10,True
G2A-Kinect-RTK-S6-Roscoff-071,Roscoff-071,RTK,0,0,1.0,1.0,6.256035728520459e-13,True
G2A-Kinect-ELK-S1-Roscoff-071,Roscoff-071,ELK,0,0,1.0,1.0,6.211460382501977e-13,True
G2A-Kinect-CTK-S4-Roscoff-074,Roscoff-074,CTK,0,0,1.0,1.0,4.089526939310417e-09,True
G2A-Kinect-CTK-S1-Roscoff-059,Roscoff-059,CTK,0,0,1.0,1.0,5.029772598419413e-09,True
G2A-Kinect-RTK-S3-Roscoff-095,Roscoff-095,RTK,0,0,1.0,1.0,9.146702062423628e-09,True
G3-Kinect-ELK-P2T2-Unknown-C-3,P2T2,ELK,0,1,0.7473081946372986,0.2526918053627014,0.7473081946372986,False
G3-Kinect-CTK-P2T2-Unknown-E2B1-2,P2T2,CTK,1,1,0.6342400908470154,0.365759938955307,0.6342400908470154,True
G3-Kinect-CTK-P2T2-Unknown-E2B3-3,P2T2,CTK,1,1,0.7613993287086487,0.2386006861925125,0.7613993287086487,True
G3-Kinect-CTK-P2T2-Unknown-E2B1-3,P2T2,CTK,1,1,0.7263216972351074,0.27367833256721497,0.7263216972351074,True
G3-Kinect-CTK-P2T2-Unknown-E2B2-4,P2T2,CTK,1,1,0.690893828868866,0.30910611152648926,0.690893828868866,True
G3-Kinect-ELK-P2T2-Unknown-E2B3-0,P2T2,ELK,1,1,0.5436038374900818,0.4563961625099182,0.5436038374900818,True
G3-Kinect-ELK-P2T2-Unknown-E2B1-3,P2T2,ELK,1,1,0.7581024169921875,0.2418975979089737,0.7581024169921875,True
G3-Kinect-CTK-P2T2-Unknown-C-0,P2T2,CTK,0,0,0.6814762949943542,0.6814762949943542,0.31852370500564575,True
G3-Kinect-CTK-P2T2-Unknown-E2B1-1,P2T2,CTK,1,1,0.7096096873283386,0.2903903126716614,0.7096096873283386,True
G3-Kinect-RTK-P2T2-Unknown-E2B1-2,P2T2,RTK,1,1,0.7646521925926208,0.23534776270389557,0.7646521925926208,True
G3-Kinect-RTK-P2T2-Unknown-E2B1-0,P2T2,RTK,1,1,0.7647078633308411,0.23529215157032013,0.7647078633308411,True
G3-Kinect-RTK-P2T2-Unknown-E2B3-1,P2T2,RTK,1,1,0.764752209186554,0.23524783551692963,0.764752209186554,True
G3-Kinect-CTK-P2T2-Unknown-C-1,P2T2,CTK,0,1,0.7338376045227051,0.26616236567497253,0.7338376045227051,False
G3-Kinect-ELK-P2T2-Unknown-E2B1-1,P2T2,ELK,1,1,0.7267575860023499,0.27324241399765015,0.7267575860023499,True
G3-Kinect-RTK-P2T2-Unknown-E2B3-0,P2T2,RTK,1,1,0.7647500038146973,0.23524999618530273,0.7647500038146973,True
G3-Kinect-RTK-P2T2-Unknown-E2B2-0,P2T2,RTK,1,1,0.7647715210914612,0.2352285236120224,0.7647715210914612,True
G3-Kinect-RTK-P2T2-Unknown-E2B1-3,P2T2,RTK,1,1,0.7647506594657898,0.2352493554353714,0.7647506594657898,True
G3-Kinect-ELK-P2T2-Unknown-E2B3-3,P2T2,ELK,1,1,0.762117326259613,0.23788268864154816,0.762117326259613,True
G3-Kinect-RTK-P2T2-Unknown-E2B3-3,P2T2,RTK,1,1,0.7647231817245483,0.23527677357196808,0.7647231817245483,True
G3-Kinect-CTK-P2T2-Unknown-C-4,P2T2,CTK,0,1,0.7363944053649902,0.26360562443733215,0.7363944053649902,False
G3-Kinect-RTK-P2T2-Unknown-C-4,P2T2,RTK,0,1,0.7647600173950195,0.23524005711078644,0.7647600173950195,False
G3-Kinect-RTK-P2T2-Unknown-E2B2-2,P2T2,RTK,1,1,0.7648169994354248,0.2351830005645752,0.7648169994354248,True
G3-Kinect-ELK-P2T2-Unknown-C-4,P2T2,ELK,0,1,0.6842847466468811,0.3157152235507965,0.6842847466468811,False
G3-Kinect-ELK-P2T2-Unknown-C-2,P2T2,ELK,0,1,0.7126243710517883,0.28737565875053406,0.7126243710517883,False
G3-Kinect-ELK-P2T2-Unknown-E2B1-4,P2T2,ELK,1,1,0.6877342462539673,0.3122657239437103,0.6877342462539673,True
G3-Kinect-ELK-P2T2-Unknown-E2B2-4,P2T2,ELK,1,1,0.7424027323722839,0.25759729743003845,0.7424027323722839,True
G3-Kinect-RTK-P2T2-Unknown-E2B3-4,P2T2,RTK,1,1,0.7648641467094421,0.23513583838939667,0.7648641467094421,True
G3-Kinect-ELK-P2T2-Unknown-E2B3-2,P2T2,ELK,1,1,0.7276968359947205,0.27230316400527954,0.7276968359947205,True
G3-Kinect-CTK-P2T2-Unknown-E2B3-2,P2T2,CTK,1,1,0.7141211628913879,0.2858788073062897,0.7141211628913879,True
G3-Kinect-CTK-P2T2-Unknown-E2B1-0,P2T2,CTK,1,1,0.7367346882820129,0.26326531171798706,0.7367346882820129,True
G3-Kinect-ELK-P2T2-Unknown-E2B2-2,P2T2,ELK,1,1,0.7135308980941772,0.28646910190582275,0.7135308980941772,True
G3-Kinect-RTK-P2T2-Unknown-E2B2-4,P2T2,RTK,1,1,0.7648041844367981,0.2351958304643631,0.7648041844367981,True
G3-Kinect-CTK-P2T2-Unknown-E2B1-4,P2T2,CTK,1,1,0.7296552658081055,0.2703447639942169,0.7296552658081055,True
G3-Kinect-ELK-P2T2-Unknown-E2B2-0,P2T2,ELK,1,1,0.7121630311012268,0.2878369688987732,0.7121630311012268,True
G3-Kinect-RTK-P2T2-Unknown-C-3,P2T2,RTK,0,1,0.7648026347160339,0.23519736528396606,0.7648026347160339,False
G3-Kinect-CTK-P2T2-Unknown-E2B2-0,P2T2,CTK,1,1,0.7306413054466248,0.26935875415802,0.7306413054466248,True
G3-Kinect-RTK-P2T2-Unknown-C-2,P2T2,RTK,0,1,0.7647647857666016,0.23523521423339844,0.7647647857666016,False
G3-Kinect-ELK-P2T2-Unknown-C-0,P2T2,ELK,0,0,0.5999657511711121,0.5999657511711121,0.4000342786312103,True
G3-Kinect-RTK-P2T2-Unknown-E2B3-2,P2T2,RTK,1,1,0.7647002935409546,0.23529967665672302,0.7647002935409546,True
G3-Kinect-CTK-P2T2-Unknown-E2B2-1,P2T2,CTK,1,1,0.674407422542572,0.32559260725975037,0.674407422542572,True
G3-Kinect-CTK-P2T2-Unknown-E2B3-0,P2T2,CTK,1,1,0.7517982125282288,0.24820181727409363,0.7517982125282288,True
G3-Kinect-RTK-P2T2-Unknown-E2B1-1,P2T2,RTK,1,1,0.7647967338562012,0.23520328104496002,0.7647967338562012,True
G3-Kinect-RTK-P2T2-Unknown-E2B2-3,P2T2,RTK,1,1,0.7647317051887512,0.2352682650089264,0.7647317051887512,True
G3-Kinect-RTK-P2T2-Unknown-E2B1-4,P2T2,RTK,1,1,0.7647532820701599,0.2352466583251953,0.7647532820701599,True
G3-Kinect-CTK-P2T2-Unknown-E2B3-1,P2T2,CTK,1,1,0.6822248101234436,0.3177751898765564,0.6822248101234436,True
G3-Kinect-CTK-P2T2-Unknown-E2B3-4,P2T2,CTK,1,1,0.7467987537384033,0.25320127606391907,0.7467987537384033,True
G3-Kinect-ELK-P2T2-Unknown-E2B1-0,P2T2,ELK,1,1,0.7467256784439087,0.2532743513584137,0.7467256784439087,True
G3-Kinect-CTK-P2T2-Unknown-C-3,P2T2,CTK,0,1,0.7269832491874695,0.2730167508125305,0.7269832491874695,False
G3-Kinect-CTK-P2T2-Unknown-C-2,P2T2,CTK,0,1,0.7283527255058289,0.27164730429649353,0.7283527255058289,False
G3-Kinect-ELK-P2T2-Unknown-E2B3-1,P2T2,ELK,1,1,0.7124416828155518,0.28755834698677063,0.7124416828155518,True
G3-Kinect-ELK-P2T2-Unknown-E2B3-4,P2T2,ELK,1,1,0.7137680053710938,0.28623199462890625,0.7137680053710938,True
G3-Kinect-RTK-P2T2-Unknown-E2B2-1,P2T2,RTK,1,1,0.7649070024490356,0.23509301245212555,0.7649070024490356,True
G3-Kinect-ELK-P2T2-Unknown-E2B2-1,P2T2,ELK,1,1,0.7124934196472168,0.2875066101551056,0.7124934196472168,True
G3-Kinect-ELK-P2T2-Unknown-C-1,P2T2,ELK,0,1,0.7264580726623535,0.27354195713996887,0.7264580726623535,False
G3-Kinect-CTK-P2T2-Unknown-E2B2-3,P2T2,CTK,1,1,0.7104681730270386,0.28953179717063904,0.7104681730270386,True
G3-Kinect-RTK-P2T2-Unknown-C-0,P2T2,RTK,0,1,0.7648141980171204,0.23518584668636322,0.7648141980171204,False
G3-Kinect-RTK-P2T2-Unknown-C-1,P2T2,RTK,0,1,0.7647615075111389,0.2352384328842163,0.7647615075111389,False
G3-Kinect-CTK-P2T2-Unknown-E2B2-2,P2T2,CTK,1,1,0.711600661277771,0.2883993685245514,0.711600661277771,True
G3-Kinect-ELK-P2T2-Unknown-E2B1-2,P2T2,ELK,1,1,0.7627309560775757,0.23726902902126312,0.7627309560775757,True
G3-Kinect-ELK-P2T2-Unknown-E2B2-3,P2T2,ELK,1,1,0.7278362512588501,0.2721638083457947,0.7278362512588501,True
G3-Kinect-CTK-P1T2-Unknown-E2B2-2,P1T2,CTK,1,1,0.7425274848937988,0.2574724555015564,0.7425274848937988,True
G3-Kinect-CTK-P1T2-Unknown-E2B2-4,P1T2,CTK,1,1,0.7425838112831116,0.25741612911224365,0.7425838112831116,True
G3-Kinect-RTK-P1T2-Unknown-C-3,P1T2,RTK,0,1,0.7427523732185364,0.2572476267814636,0.7427523732185364,False
G3-Kinect-RTK-P1T2-Unknown-E2B3-2,P1T2,RTK,1,1,0.7426980137825012,0.257301926612854,0.7426980137825012,True
G3-Kinect-RTK-P1T2-Unknown-C-1,P1T2,RTK,0,1,0.7427988648414612,0.25720110535621643,0.7427988648414612,False
G3-Kinect-ELK-P1T2-Unknown-E2B2-0,P1T2,ELK,1,1,0.7428016066551208,0.25719839334487915,0.7428016066551208,True
G3-Kinect-ELK-P1T2-Unknown-E2B1-1,P1T2,ELK,1,1,0.7428025007247925,0.2571974992752075,0.7428025007247925,True
G3-Kinect-ELK-P1T2-Unknown-E2B1-4,P1T2,ELK,1,1,0.74269700050354,0.25730299949645996,0.74269700050354,True
G3-Kinect-RTK-P1T2-Unknown-E2B1-1,P1T2,RTK,1,1,0.7426934242248535,0.2573065459728241,0.7426934242248535,True
G3-Kinect-CTK-P1T2-Unknown-C-1,P1T2,CTK,0,1,0.7425850033760071,0.25741496682167053,0.7425850033760071,False
G3-Kinect-CTK-P1T2-Unknown-E2B3-2,P1T2,CTK,1,1,0.7425910234451294,0.2574090361595154,0.7425910234451294,True
G3-Kinect-RTK-P1T2-Unknown-E2B1-2,P1T2,RTK,1,1,0.7427462339401245,0.2572537362575531,0.7427462339401245,True
G3-Kinect-CTK-P1T2-Unknown-E2B2-1,P1T2,CTK,1,1,0.7425283789634705,0.25747165083885193,0.7425283789634705,True
G3-Kinect-ELK-P1T2-Unknown-C-2,P1T2,ELK,0,1,0.7427525520324707,0.2572474181652069,0.7427525520324707,False
G3-Kinect-CTK-P1T2-Unknown-E2B3-3,P1T2,CTK,1,1,0.7425903677940369,0.25740963220596313,0.7425903677940369,True
G3-Kinect-RTK-P1T2-Unknown-E2B3-1,P1T2,RTK,1,1,0.7426935434341431,0.25730639696121216,0.7426935434341431,True
G3-Kinect-CTK-P1T2-Unknown-C-3,P1T2,CTK,0,1,0.7426952123641968,0.2573047876358032,0.7426952123641968,False
G3-Kinect-RTK-P1T2-Unknown-E2B1-4,P1T2,RTK,1,1,0.7428499460220337,0.2571500241756439,0.7428499460220337,True
G3-Kinect-RTK-P1T2-Unknown-C-2,P1T2,RTK,0,1,0.7427480816841125,0.25725194811820984,0.7427480816841125,False
G3-Kinect-ELK-P1T2-Unknown-C-4,P1T2,ELK,0,1,0.7426445484161377,0.2573554515838623,0.7426445484161377,False
G3-Kinect-RTK-P1T2-Unknown-E2B2-2,P1T2,RTK,1,1,0.7426420450210571,0.25735801458358765,0.7426420450210571,True
G3-Kinect-ELK-P1T2-Unknown-E2B1-0,P1T2,ELK,1,1,0.7427513003349304,0.2572486400604248,0.7427513003349304,True
G3-Kinect-CTK-P1T2-Unknown-E2B3-1,P1T2,CTK,1,1,0.7424704432487488,0.25752949714660645,0.7424704432487488,True
G3-Kinect-CTK-P1T2-Unknown-C-4,P1T2,CTK,0,1,0.7426954507827759,0.2573045492172241,0.7426954507827759,False
G3-Kinect-CTK-P1T2-Unknown-E2B1-0,P1T2,CTK,1,1,0.7423481941223145,0.25765183568000793,0.7423481941223145,True
G3-Kinect-ELK-P1T2-Unknown-E2B2-3,P1T2,ELK,1,1,0.7428073287010193,0.2571926712989807,0.7428073287010193,True
G3-Kinect-ELK-P1T2-Unknown-E2B2-1,P1T2,ELK,1,1,0.742802619934082,0.2571973502635956,0.742802619934082,True
G3-Kinect-RTK-P1T2-Unknown-E2B1-3,P1T2,RTK,1,1,0.7427488565444946,0.257251113653183,0.7427488565444946,True
G3-Kinect-CTK-P1T2-Unknown-E2B1-4,P1T2,CTK,1,1,0.7426428198814392,0.2573571801185608,0.7426428198814392,True
G3-Kinect-ELK-P1T2-Unknown-E2B3-2,P1T2,ELK,1,1,0.7428513765335083,0.2571486532688141,0.7428513765335083,True
G3-Kinect-RTK-P1T2-Unknown-E2B2-0,P1T2,RTK,1,1,0.7429485321044922,0.2570514380931854,0.7429485321044922,True
G3-Kinect-CTK-P1T2-Unknown-E2B2-3,P1T2,CTK,1,1,0.742466926574707,0.2575330436229706,0.742466926574707,True
G3-Kinect-RTK-P1T2-Unknown-E2B2-3,P1T2,RTK,1,1,0.7426924705505371,0.2573075592517853,0.7426924705505371,True
G3-Kinect-RTK-P1T2-Unknown-E2B2-1,P1T2,RTK,1,1,0.742799699306488,0.25720030069351196,0.742799699306488,True
G3-Kinect-ELK-P1T2-Unknown-E2B3-4,P1T2,ELK,1,1,0.7428007125854492,0.2571992874145508,0.7428007125854492,True
G3-Kinect-RTK-P1T2-Unknown-E2B3-0,P1T2,RTK,1,1,0.742746889591217,0.25725308060646057,0.742746889591217,True
G3-Kinect-ELK-P1T2-Unknown-E2B2-4,P1T2,ELK,1,1,0.742750883102417,0.25724905729293823,0.742750883102417,True
G3-Kinect-ELK-P1T2-Unknown-C-0,P1T2,ELK,0,1,0.7428552508354187,0.2571447789669037,0.7428552508354187,False
G3-Kinect-ELK-P1T2-Unknown-C-3,P1T2,ELK,0,1,0.7428514957427979,0.25714853405952454,0.7428514957427979,False
G3-Kinect-CTK-P1T2-Unknown-E2B2-0,P1T2,CTK,1,1,0.7426428198814392,0.2573571801185608,0.7426428198814392,True
G3-Kinect-ELK-P1T2-Unknown-E2B3-0,P1T2,ELK,1,1,0.7428520917892456,0.25714796781539917,0.7428520917892456,True
G3-Kinect-RTK-P1T2-Unknown-E2B1-0,P1T2,RTK,1,1,0.7427440881729126,0.257255882024765,0.7427440881729126,True
G3-Kinect-ELK-P1T2-Unknown-E2B3-1,P1T2,ELK,1,1,0.7428015470504761,0.2571984529495239,0.7428015470504761,True
G3-Kinect-ELK-P1T2-Unknown-E2B1-3,P1T2,ELK,1,1,0.742801308631897,0.2571987211704254,0.742801308631897,True
G3-Kinect-RTK-P1T2-Unknown-E2B3-4,P1T2,RTK,1,1,0.7426940202713013,0.25730597972869873,0.7426940202713013,True
G3-Kinect-RTK-P1T2-Unknown-E2B2-4,P1T2,RTK,1,1,0.7427974939346313,0.25720250606536865,0.7427974939346313,True
G3-Kinect-CTK-P1T2-Unknown-C-2,P1T2,CTK,0,1,0.742850124835968,0.2571498453617096,0.742850124835968,False
G3-Kinect-RTK-P1T2-Unknown-E2B3-3,P1T2,RTK,1,1,0.7427982091903687,0.25720182061195374,0.7427982091903687,True
G3-Kinect-ELK-P1T2-Unknown-E2B2-2,P1T2,ELK,1,1,0.7428019642829895,0.2571980953216553,0.7428019642829895,True
G3-Kinect-RTK-P1T2-Unknown-C-4,P1T2,RTK,0,1,0.7427965402603149,0.2572034001350403,0.7427965402603149,False
G3-Kinect-ELK-P1T2-Unknown-E2B3-3,P1T2,ELK,1,1,0.7438074350357056,0.25619253516197205,0.7438074350357056,True
G3-Kinect-CTK-P1T2-Unknown-E2B1-2,P1T2,CTK,1,1,0.7425277829170227,0.25747227668762207,0.7425277829170227,True
G3-Kinect-CTK-P1T2-Unknown-E2B3-0,P1T2,CTK,1,1,0.7427513003349304,0.2572486996650696,0.7427513003349304,True
G3-Kinect-CTK-P1T2-Unknown-E2B1-3,P1T2,CTK,1,1,0.7427487969398499,0.25725114345550537,0.7427487969398499,True
G3-Kinect-ELK-P1T2-Unknown-C-1,P1T2,ELK,0,1,0.7428048849105835,0.2571950852870941,0.7428048849105835,False
G3-Kinect-CTK-P1T2-Unknown-E2B3-4,P1T2,CTK,1,1,0.7426465749740601,0.25735342502593994,0.7426465749740601,True
G3-Kinect-RTK-P1T2-Unknown-C-0,P1T2,RTK,0,1,0.7428512573242188,0.2571486830711365,0.7428512573242188,False
G3-Kinect-CTK-P1T2-Unknown-C-0,P1T2,CTK,0,1,0.7426425218582153,0.2573574185371399,0.7426425218582153,False
G3-Kinect-ELK-P1T2-Unknown-E2B1-2,P1T2,ELK,1,1,0.7427577376365662,0.2572422921657562,0.7427577376365662,True
G3-Kinect-CTK-P1T2-Unknown-E2B1-1,P1T2,CTK,1,1,0.742641031742096,0.25735899806022644,0.742641031742096,True
G3-Kinect-RTK-P1T3-Unknown-E3B3-2,P1T3,RTK,1,1,0.7341393232345581,0.2658606767654419,0.7341393232345581,True
G3-Kinect-CTK-P1T3-Unknown-C-2,P1T3,CTK,0,1,0.7340513467788696,0.265948623418808,0.7340513467788696,False
G3-Kinect-ELK-P1T3-Unknown-C-1,P1T3,ELK,0,1,0.7341151833534241,0.2658848464488983,0.7341151833534241,False
G3-Kinect-ELK-P1T3-Unknown-C-0,P1T3,ELK,0,1,0.7341388463973999,0.2658611238002777,0.7341388463973999,False
G3-Kinect-RTK-P1T3-Unknown-E3B2-3,P1T3,RTK,1,1,0.73409503698349,0.2659049928188324,0.73409503698349,True
G3-Kinect-ELK-P1T3-Unknown-C-3,P1T3,ELK,0,1,0.7341168522834778,0.2658831775188446,0.7341168522834778,False
G3-Kinect-CTK-P1T3-Unknown-E3B1-0,P1T3,CTK,1,1,0.7340224385261536,0.2659775912761688,0.7340224385261536,True
G3-Kinect-RTK-P1T3-Unknown-E3B2-2,P1T3,RTK,1,1,0.7340928316116333,0.2659071087837219,0.7340928316116333,True
G3-Kinect-RTK-P1T3-Unknown-E3B2-1,P1T3,RTK,1,1,0.7341173887252808,0.265882670879364,0.7341173887252808,True
G3-Kinect-CTK-P1T3-Unknown-E3B1-1,P1T3,CTK,1,1,0.7340264916419983,0.2659735083580017,0.7340264916419983,True
G3-Kinect-CTK-P1T3-Unknown-E3B2-4,P1T3,CTK,1,1,0.7340718507766724,0.26592814922332764,0.7340718507766724,True
G3-Kinect-CTK-P1T3-Unknown-C-4,P1T3,CTK,0,1,0.7340474724769592,0.265952467918396,0.7340474724769592,False
G3-Kinect-ELK-P1T3-Unknown-C-4,P1T3,ELK,0,1,0.7340970039367676,0.26590296626091003,0.7340970039367676,False
G3-Kinect-RTK-P1T3-Unknown-E3B3-1,P1T3,RTK,1,1,0.7340497374534607,0.2659502923488617,0.7340497374534607,True
G3-Kinect-CTK-P1T3-Unknown-C-0,P1T3,CTK,0,1,0.7341169714927673,0.2658829987049103,0.7341169714927673,False
G3-Kinect-RTK-P1T3-Unknown-C-2,P1T3,RTK,0,1,0.7340499758720398,0.2659500241279602,0.7340499758720398,False
G3-Kinect-RTK-P1T3-Unknown-C-0,P1T3,RTK,0,1,0.7340500950813293,0.26594987511634827,0.7340500950813293,False
G3-Kinect-RTK-P1T3-Unknown-C-4,P1T3,RTK,0,1,0.7340947985649109,0.2659052014350891,0.7340947985649109,False
G3-Kinect-ELK-P1T3-Unknown-E3B1-4,P1T3,ELK,1,1,0.7341388463973999,0.2658612132072449,0.7341388463973999,True
G3-Kinect-RTK-P1T3-Unknown-C-3,P1T3,RTK,0,1,0.7340719103813171,0.26592808961868286,0.7340719103813171,False
G3-Kinect-ELK-P1T3-Unknown-E3B2-0,P1T3,ELK,1,1,0.734049916267395,0.2659500241279602,0.734049916267395,True
G3-Kinect-RTK-P1T3-Unknown-E3B1-1,P1T3,RTK,1,1,0.734117865562439,0.26588210463523865,0.734117865562439,True
G3-Kinect-CTK-P1T3-Unknown-C-3,P1T3,CTK,0,1,0.7340028285980225,0.26599717140197754,0.7340028285980225,False
G3-Kinect-RTK-P1T3-Unknown-C-1,P1T3,RTK,0,1,0.7340003252029419,0.2659996747970581,0.7340003252029419,False
G3-Kinect-ELK-P1T3-Unknown-E3B1-2,P1T3,ELK,1,1,0.734096109867096,0.26590389013290405,0.734096109867096,True
G3-Kinect-ELK-P1T3-Unknown-E3B2-2,P1T3,ELK,1,1,0.734093964099884,0.26590603590011597,0.734093964099884,True
G3-Kinect-RTK-P1T3-Unknown-E3B3-4,P1T3,RTK,1,1,0.7341192364692688,0.2658807933330536,0.7341192364692688,True
G3-Kinect-ELK-P1T3-Unknown-E3B1-1,P1T3,ELK,1,1,0.7341160774230957,0.2658838927745819,0.7341160774230957,True
G3-Kinect-RTK-P1T3-Unknown-E3B3-3,P1T3,RTK,1,1,0.7340506911277771,0.2659493386745453,0.7340506911277771,True
G3-Kinect-RTK-P1T3-Unknown-E3B1-4,P1T3,RTK,1,1,0.7341170310974121,0.2658829689025879,0.7341170310974121,True
G3-Kinect-ELK-P1T3-Unknown-E3B3-2,P1T3,ELK,1,1,0.7340951561927795,0.26590481400489807,0.7340951561927795,True
G3-Kinect-CTK-P1T3-Unknown-E3B3-2,P1T3,CTK,1,1,0.7340474724769592,0.26595255732536316,0.7340474724769592,True
G3-Kinect-CTK-P1T3-Unknown-E3B2-3,P1T3,CTK,1,1,0.7340721487998962,0.26592782139778137,0.7340721487998962,True
G3-Kinect-ELK-P1T3-Unknown-E3B3-4,P1T3,ELK,1,1,0.7344794869422913,0.26552048325538635,0.7344794869422913,True
G3-Kinect-CTK-P1T3-Unknown-E3B3-1,P1T3,CTK,1,1,0.7340714931488037,0.2659284770488739,0.7340714931488037,True
G3-Kinect-ELK-P1T3-Unknown-E3B1-0,P1T3,ELK,1,1,0.7341182827949524,0.2658816874027252,0.7341182827949524,True
G3-Kinect-CTK-P1T3-Unknown-E3B3-4,P1T3,CTK,1,1,0.7340475916862488,0.26595237851142883,0.7340475916862488,True
G3-Kinect-RTK-P1T3-Unknown-E3B1-3,P1T3,RTK,1,1,0.7340954542160034,0.2659045159816742,0.7340954542160034,True
G3-Kinect-RTK-P1T3-Unknown-E3B2-0,P1T3,RTK,1,1,0.734098494052887,0.26590150594711304,0.734098494052887,True
G3-Kinect-ELK-P1T3-Unknown-E3B2-1,P1T3,ELK,1,1,0.7340961694717407,0.26590386033058167,0.7340961694717407,True
G3-Kinect-ELK-P1T3-Unknown-C-2,P1T3,ELK,0,1,0.7341398596763611,0.2658601403236389,0.7341398596763611,False
G3-Kinect-ELK-P1T3-Unknown-E3B3-3,P1T3,ELK,1,1,0.7343617677688599,0.26563820242881775,0.7343617677688599,True
G3-Kinect-CTK-P1T3-Unknown-E3B3-3,P1T3,CTK,1,1,0.7340966463088989,0.2659033536911011,0.7340966463088989,True
G3-Kinect-CTK-P1T3-Unknown-E3B1-2,P1T3,CTK,1,1,0.7340260148048401,0.2659739851951599,0.7340260148048401,True
G3-Kinect-ELK-P1T3-Unknown-E3B1-3,P1T3,ELK,1,1,0.7340505123138428,0.2659495174884796,0.7340505123138428,True
G3-Kinect-RTK-P1T3-Unknown-E3B1-0,P1T3,RTK,1,1,0.7340729832649231,0.2659270167350769,0.7340729832649231,True
G3-Kinect-CTK-P1T3-Unknown-E3B2-2,P1T3,CTK,1,1,0.7340745329856873,0.26592546701431274,0.7340745329856873,True
G3-Kinect-CTK-P1T3-Unknown-E3B1-3,P1T3,CTK,1,1,0.7339990735054016,0.2660009562969208,0.7339990735054016,True
G3-Kinect-CTK-P1T3-Unknown-E3B1-4,P1T3,CTK,1,1,0.7339987754821777,0.26600122451782227,0.7339987754821777,True
G3-Kinect-ELK-P1T3-Unknown-E3B2-4,P1T3,ELK,1,1,0.7341594099998474,0.2658405601978302,0.7341594099998474,True
G3-Kinect-CTK-P1T3-Unknown-E3B2-1,P1T3,CTK,1,1,0.7340483665466309,0.26595163345336914,0.7340483665466309,True
G3-Kinect-ELK-P1T3-Unknown-E3B3-1,P1T3,ELK,1,1,0.7341994047164917,0.2658005952835083,0.7341994047164917,True
G3-Kinect-CTK-P1T3-Unknown-C-1,P1T3,CTK,0,1,0.7339770793914795,0.2660228908061981,0.7339770793914795,False
G3-Kinect-RTK-P1T3-Unknown-E3B1-2,P1T3,RTK,1,1,0.7341402173042297,0.26585978269577026,0.7341402173042297,True
G3-Kinect-RTK-P1T3-Unknown-E3B3-0,P1T3,RTK,1,1,0.7340970039367676,0.2659029960632324,0.7340970039367676,True
G3-Kinect-ELK-P1T3-Unknown-E3B2-3,P1T3,ELK,1,1,0.7340717911720276,0.2659282684326172,0.7340717911720276,True
G3-Kinect-RTK-P1T3-Unknown-E3B2-4,P1T3,RTK,1,1,0.7341397404670715,0.26586031913757324,0.7341397404670715,True
G3-Kinect-CTK-P1T3-Unknown-E3B2-0,P1T3,CTK,1,1,0.7339740991592407,0.26602596044540405,0.7339740991592407,True
G3-Kinect-ELK-P1T3-Unknown-E3B3-0,P1T3,ELK,1,1,0.7340497970581055,0.2659502625465393,0.7340497970581055,True
G3-Kinect-CTK-P1T3-Unknown-E3B3-0,P1T3,CTK,1,1,0.7340512275695801,0.2659488022327423,0.7340512275695801,True
G3-Kinect-RTK-P2T1-Unknown-E1B2-0,P2T1,RTK,1,1,0.7510406374931335,0.24895936250686646,0.7510406374931335,True
G3-Kinect-ELK-P2T1-Unknown-E1B1-0,P2T1,ELK,1,0,0.6325899958610535,0.6325899958610535,0.36740997433662415,False
G3-Kinect-ELK-P2T1-Unknown-E1B1-4,P2T1,ELK,1,1,0.7117432355880737,0.28825676441192627,0.7117432355880737,True
G3-Kinect-CTK-P2T1-Unknown-E1B1-1,P2T1,CTK,1,1,0.6768650412559509,0.32313498854637146,0.6768650412559509,True
G3-Kinect-ELK-P2T1-Unknown-E1B3-1,P2T1,ELK,1,1,0.7117559909820557,0.28824397921562195,0.7117559909820557,True
G3-Kinect-CTK-P2T1-Unknown-E1B2-3,P2T1,CTK,1,1,0.7110662460327148,0.28893372416496277,0.7110662460327148,True
G3-Kinect-RTK-P2T1-Unknown-E1B3-0,P2T1,RTK,1,1,0.7509945034980774,0.2490054816007614,0.7509945034980774,True
G3-Kinect-RTK-P2T1-Unknown-E1B1-3,P2T1,RTK,1,1,0.7512000799179077,0.2487998902797699,0.7512000799179077,True
G3-Kinect-CTK-P2T1-Unknown-E1B1-2,P2T1,CTK,1,1,0.6938161849975586,0.3061838150024414,0.6938161849975586,True
G3-Kinect-RTK-P2T1-Unknown-E1B2-3,P2T1,RTK,1,1,0.7510625123977661,0.24893753230571747,0.7510625123977661,True
G3-Kinect-CTK-P2T1-Unknown-E1B1-0,P2T1,CTK,1,1,0.710740327835083,0.2892597019672394,0.710740327835083,True
G3-Kinect-RTK-P2T1-Unknown-C-1,P2T1,RTK,0,1,0.7508660554885864,0.24913398921489716,0.7508660554885864,False
G3-Kinect-ELK-P2T1-Unknown-E1B1-2,P2T1,ELK,1,0,0.7550235390663147,0.7550235390663147,0.2449764758348465,False
G3-Kinect-RTK-P2T1-Unknown-E1B3-4,P2T1,RTK,1,1,0.7512250542640686,0.248774915933609,0.7512250542640686,True
G3-Kinect-RTK-P2T1-Unknown-C-2,P2T1,RTK,0,1,0.7529106140136719,0.2470894157886505,0.7529106140136719,False
G3-Kinect-CTK-P2T1-Unknown-C-0,P2T1,CTK,0,1,0.649675726890564,0.3503243029117584,0.649675726890564,False
G3-Kinect-ELK-P2T1-Unknown-C-3,P2T1,ELK,0,1,0.5738527178764343,0.4261472225189209,0.5738527178764343,False
G3-Kinect-RTK-P2T1-Unknown-C-3,P2T1,RTK,0,1,0.7512505650520325,0.2487494796514511,0.7512505650520325,False
G3-Kinect-CTK-P2T1-Unknown-C-1,P2T1,CTK,0,1,0.6778233051300049,0.3221766948699951,0.6778233051300049,False
G3-Kinect-CTK-P2T1-Unknown-E1B3-1,P2T1,CTK,1,1,0.7029356956481934,0.29706430435180664,0.7029356956481934,True
G3-Kinect-ELK-P2T1-Unknown-E1B1-1,P2T1,ELK,1,0,0.8392842411994934,0.8392842411994934,0.16071580350399017,False
G3-Kinect-CTK-P2T1-Unknown-C-4,P2T1,CTK,0,1,0.5593644380569458,0.4406355917453766,0.5593644380569458,False
G3-Kinect-CTK-P2T1-Unknown-C-3,P2T1,CTK,0,1,0.6924835443496704,0.3075164556503296,0.6924835443496704,False
G3-Kinect-RTK-P2T1-Unknown-E1B2-2,P2T1,RTK,1,1,0.7510803937911987,0.24891963601112366,0.7510803937911987,True
G3-Kinect-ELK-P2T1-Unknown-C-0,P2T1,ELK,0,0,0.8393977880477905,0.8393977880477905,0.16060221195220947,True
G3-Kinect-ELK-P2T1-Unknown-E1B3-2,P2T1,ELK,1,1,0.7115991115570068,0.2884008288383484,0.7115991115570068,True
G3-Kinect-ELK-P2T1-Unknown-E1B2-1,P2T1,ELK,1,1,0.7046578526496887,0.2953421473503113,0.7046578526496887,True
G3-Kinect-RTK-P2T1-Unknown-E1B3-3,P2T1,RTK,1,1,0.7512097358703613,0.24879029393196106,0.7512097358703613,True
G3-Kinect-ELK-P2T1-Unknown-E1B2-2,P2T1,ELK,1,1,0.7113694548606873,0.28863057494163513,0.7113694548606873,True
G3-Kinect-RTK-P2T1-Unknown-E1B2-1,P2T1,RTK,1,1,0.7512071132659912,0.24879290163516998,0.7512071132659912,True
G3-Kinect-ELK-P2T1-Unknown-C-4,P2T1,ELK,0,1,0.5767606496810913,0.4232393503189087,0.5767606496810913,False
G3-Kinect-ELK-P2T1-Unknown-E1B2-4,P2T1,ELK,1,1,0.7033987641334534,0.29660120606422424,0.7033987641334534,True
G3-Kinect-CTK-P2T1-Unknown-C-2,P2T1,CTK,0,1,0.6925017833709717,0.30749815702438354,0.6925017833709717,False
G3-Kinect-CTK-P2T1-Unknown-E1B3-0,P2T1,CTK,1,1,0.6762800812721252,0.32371985912323,0.6762800812721252,True
G3-Kinect-CTK-P2T1-Unknown-E1B2-4,P2T1,CTK,1,1,0.7043704390525818,0.295629620552063,0.7043704390525818,True
G3-Kinect-CTK-P2T1-Unknown-E1B3-2,P2T1,CTK,1,1,0.7034603357315063,0.29653966426849365,0.7034603357315063,True
G3-Kinect-CTK-P2T1-Unknown-E1B2-2,P2T1,CTK,1,1,0.7038787007331848,0.2961212992668152,0.7038787007331848,True
G3-Kinect-RTK-P2T1-Unknown-E1B2-4,P2T1,RTK,1,1,0.751435399055481,0.24856460094451904,0.751435399055481,True
G3-Kinect-ELK-P2T1-Unknown-E1B3-0,P2T1,ELK,1,1,0.7173904180526733,0.28260958194732666,0.7173904180526733,True
G3-Kinect-CTK-P2T1-Unknown-E1B1-4,P2T1,CTK,1,1,0.7115749716758728,0.2884250283241272,0.7115749716758728,True
G3-Kinect-ELK-P2T1-Unknown-E1B1-3,P2T1,ELK,1,1,0.7297481298446655,0.2702518403530121,0.7297481298446655,True
G3-Kinect-RTK-P2T1-Unknown-E1B1-1,P2T1,RTK,1,1,0.7515916228294373,0.24840836226940155,0.7515916228294373,True
G3-Kinect-RTK-P2T1-Unknown-C-4,P2T1,RTK,0,1,0.7515202164649963,0.24847973883152008,0.7515202164649963,False
G3-Kinect-CTK-P2T1-Unknown-E1B3-3,P2T1,CTK,1,1,0.6935751438140869,0.3064248859882355,0.6935751438140869,True
G3-Kinect-ELK-P2T1-Unknown-E1B2-0,P2T1,ELK,1,1,0.7116351127624512,0.2883649170398712,0.7116351127624512,True
G3-Kinect-ELK-P2T1-Unknown-E1B2-3,P2T1,ELK,1,1,0.7113319039344788,0.28866803646087646,0.7113319039344788,True
G3-Kinect-ELK-P2T1-Unknown-E1B3-3,P2T1,ELK,1,1,0.711387038230896,0.2886129319667816,0.711387038230896,True
G3-Kinect-CTK-P2T1-Unknown-E1B2-0,P2T1,CTK,1,1,0.7037703394889832,0.29622966051101685,0.7037703394889832,True
G3-Kinect-RTK-P2T1-Unknown-E1B1-2,P2T1,RTK,1,1,0.750991702079773,0.24900828301906586,0.750991702079773,True
G3-Kinect-ELK-P2T1-Unknown-C-1,P2T1,ELK,0,0,0.7492481470108032,0.7492481470108032,0.250751793384552,True
G3-Kinect-RTK-P2T1-Unknown-E1B1-0,P2T1,RTK,1,1,0.7512685060501099,0.24873147904872894,0.7512685060501099,True
G3-Kinect-CTK-P2T1-Unknown-E1B3-4,P2T1,CTK,1,1,0.7035430073738098,0.2964569628238678,0.7035430073738098,True
G3-Kinect-CTK-P2T1-Unknown-E1B1-3,P2T1,CTK,1,1,0.7439343333244324,0.25606563687324524,0.7439343333244324,True
G3-Kinect-RTK-P2T1-Unknown-E1B3-1,P2T1,RTK,1,1,0.751203179359436,0.24879677593708038,0.751203179359436,True
G3-Kinect-ELK-P2T1-Unknown-C-2,P2T1,ELK,0,0,0.6265457272529602,0.6265457272529602,0.3734543025493622,True
G3-Kinect-RTK-P2T1-Unknown-E1B3-2,P2T1,RTK,1,1,0.7512063384056091,0.24879366159439087,0.7512063384056091,True
G3-Kinect-RTK-P2T1-Unknown-C-0,P2T1,RTK,0,1,0.7510233521461487,0.24897663295269012,0.7510233521461487,False
G3-Kinect-CTK-P2T1-Unknown-E1B2-1,P2T1,CTK,1,1,0.6938690543174744,0.30613094568252563,0.6938690543174744,True
G3-Kinect-ELK-P2T1-Unknown-E1B3-4,P2T1,ELK,1,1,0.7119153141975403,0.28808465600013733,0.7119153141975403,True
G3-Kinect-RTK-P2T1-Unknown-E1B1-4,P2T1,RTK,1,1,0.7507646083831787,0.2492353916168213,0.7507646083831787,True
G3-Kinect-CTK-P3T2-Unknown-E2B2-1,P3T2,CTK,1,1,0.743095338344574,0.25690463185310364,0.743095338344574,True
G3-Kinect-RTK-P3T2-Unknown-E2B3-1,P3T2,RTK,1,1,0.7481409311294556,0.25185906887054443,0.7481409311294556,True
G3-Kinect-CTK-P3T2-Unknown-E2B1-1,P3T2,CTK,1,1,0.7409421801567078,0.259057879447937,0.7409421801567078,True
G3-Kinect-RTK-P3T2-Unknown-E2B1-4,P3T2,RTK,1,1,0.7480531334877014,0.2519468665122986,0.7480531334877014,True
G3-Kinect-ELK-P3T2-Unknown-E2B2-3,P3T2,ELK,1,1,0.7474825382232666,0.2525174617767334,0.7474825382232666,True
G3-Kinect-CTK-P3T2-Unknown-E2B3-3,P3T2,CTK,1,1,0.746650755405426,0.2533491849899292,0.746650755405426,True
G3-Kinect-ELK-P3T2-Unknown-C-1,P3T2,ELK,0,1,0.747604489326477,0.25239548087120056,0.747604489326477,False
G3-Kinect-RTK-P3T2-Unknown-E2B3-3,P3T2,RTK,1,1,0.7480539083480835,0.2519460618495941,0.7480539083480835,True
G3-Kinect-CTK-P3T2-Unknown-E2B3-4,P3T2,CTK,1,1,0.7371917963027954,0.262808233499527,0.7371917963027954,True
G3-Kinect-CTK-P3T2-Unknown-C-0,P3T2,CTK,0,1,0.742667555809021,0.2573324739933014,0.742667555809021,False
G3-Kinect-RTK-P3T2-Unknown-E2B1-1,P3T2,RTK,1,1,0.7481392621994019,0.25186070799827576,0.7481392621994019,True
G3-Kinect-ELK-P3T2-Unknown-E2B1-0,P3T2,ELK,1,1,0.7474910020828247,0.2525089979171753,0.7474910020828247,True
G3-Kinect-CTK-P3T2-Unknown-E2B2-0,P3T2,CTK,1,1,0.740181028842926,0.2598189413547516,0.740181028842926,True
G3-Kinect-ELK-P3T2-Unknown-E2B1-1,P3T2,ELK,1,1,0.7476082444190979,0.2523917555809021,0.7476082444190979,True
G3-Kinect-ELK-P3T2-Unknown-E2B2-1,P3T2,ELK,1,1,0.747846245765686,0.2521537244319916,0.747846245765686,True
G3-Kinect-CTK-P3T2-Unknown-E2B2-3,P3T2,CTK,1,1,0.7432897686958313,0.2567101716995239,0.7432897686958313,True
G3-Kinect-RTK-P3T2-Unknown-E2B2-3,P3T2,RTK,1,1,0.7480924725532532,0.25190746784210205,0.7480924725532532,True
G3-Kinect-ELK-P3T2-Unknown-C-0,P3T2,ELK,0,1,0.7473233938217163,0.2526766359806061,0.7473233938217163,False
G3-Kinect-CTK-P3T2-Unknown-C-4,P3T2,CTK,0,1,0.736833393573761,0.2631665766239166,0.736833393573761,False
G3-Kinect-RTK-P3T2-Unknown-C-1,P3T2,RTK,0,1,0.7480154633522034,0.25198453664779663,0.7480154633522034,False
G3-Kinect-CTK-P3T2-Unknown-E2B1-0,P3T2,CTK,1,1,0.7403910756111145,0.2596088945865631,0.7403910756111145,True
G3-Kinect-CTK-P3T2-Unknown-C-2,P3T2,CTK,0,1,0.7343672513961792,0.2656327784061432,0.7343672513961792,False
G3-Kinect-RTK-P3T2-Unknown-C-3,P3T2,RTK,0,1,0.7479071021080017,0.2520928978919983,0.7479071021080017,False
G3-Kinect-ELK-P3T2-Unknown-E2B3-2,P3T2,ELK,1,1,0.7478742599487305,0.2521257698535919,0.7478742599487305,True
G3-Kinect-RTK-P3T2-Unknown-E2B3-4,P3T2,RTK,1,1,0.7480788826942444,0.2519210875034332,0.7480788826942444,True
G3-Kinect-CTK-P3T2-Unknown-E2B2-4,P3T2,CTK,1,1,0.7433957457542419,0.25660425424575806,0.7433957457542419,True
G3-Kinect-ELK-P3T2-Unknown-E2B1-2,P3T2,ELK,1,1,0.7473579049110413,0.25264212489128113,0.7473579049110413,True
G3-Kinect-ELK-P3T2-Unknown-E2B2-0,P3T2,ELK,1,1,0.7482454180717468,0.2517545819282532,0.7482454180717468,True
G3-Kinect-RTK-P3T2-Unknown-C-2,P3T2,RTK,0,1,0.7480339407920837,0.25196602940559387,0.7480339407920837,False
G3-Kinect-CTK-P3T2-Unknown-E2B1-3,P3T2,CTK,1,1,0.7405163645744324,0.25948360562324524,0.7405163645744324,True
G3-Kinect-RTK-P3T2-Unknown-E2B1-3,P3T2,RTK,1,1,0.7480786442756653,0.2519213855266571,0.7480786442756653,True
G3-Kinect-CTK-P3T2-Unknown-E2B3-2,P3T2,CTK,1,1,0.7413864135742188,0.2586135268211365,0.7413864135742188,True
G3-Kinect-CTK-P3T2-Unknown-E2B1-4,P3T2,CTK,1,1,0.7403712868690491,0.25962868332862854,0.7403712868690491,True
G3-Kinect-ELK-P3T2-Unknown-E2B2-2,P3T2,ELK,1,1,0.7475491762161255,0.2524508237838745,0.7475491762161255,True
G3-Kinect-ELK-P3T2-Unknown-E2B3-1,P3T2,ELK,1,1,0.7478907108306885,0.25210922956466675,0.7478907108306885,True
G3-Kinect-RTK-P3T2-Unknown-E2B2-2,P3T2,RTK,1,1,0.7481242418289185,0.25187575817108154,0.7481242418289185,True
G3-Kinect-RTK-P3T2-Unknown-E2B1-2,P3T2,RTK,1,1,0.7480871677398682,0.2519128918647766,0.7480871677398682,True
G3-Kinect-RTK-P3T2-Unknown-E2B2-4,P3T2,RTK,1,1,0.7482163310050964,0.2517836093902588,0.7482163310050964,True
G3-Kinect-CTK-P3T2-Unknown-C-3,P3T2,CTK,0,1,0.7433120012283325,0.25668802857398987,0.7433120012283325,False
G3-Kinect-CTK-P3T2-Unknown-E2B2-2,P3T2,CTK,1,1,0.7390872240066528,0.26091280579566956,0.7390872240066528,True
G3-Kinect-RTK-P3T2-Unknown-E2B2-0,P3T2,RTK,1,1,0.7480915188789368,0.25190848112106323,0.7480915188789368,True
G3-Kinect-CTK-P3T2-Unknown-E2B1-2,P3T2,CTK,1,1,0.7404255270957947,0.25957444310188293,0.7404255270957947,True
G3-Kinect-ELK-P3T2-Unknown-E2B3-3,P3T2,ELK,1,1,0.7473853826522827,0.2526146471500397,0.7473853826522827,True
G3-Kinect-CTK-P3T2-Unknown-C-1,P3T2,CTK,0,1,0.7371894121170044,0.2628105580806732,0.7371894121170044,False
G3-Kinect-CTK-P3T2-Unknown-E2B3-0,P3T2,CTK,1,1,0.7363519072532654,0.26364806294441223,0.7363519072532654,True
G3-Kinect-RTK-P3T2-Unknown-C-4,P3T2,RTK,0,1,0.747994065284729,0.252005934715271,0.747994065284729,False
G3-Kinect-RTK-P3T2-Unknown-E2B3-0,P3T2,RTK,1,1,0.7480834126472473,0.2519165575504303,0.7480834126472473,True
G3-Kinect-ELK-P3T2-Unknown-C-3,P3T2,ELK,0,1,0.7476599216461182,0.2523401081562042,0.7476599216461182,False
G3-Kinect-ELK-P3T2-Unknown-E2B3-0,P3T2,ELK,1,1,0.747704803943634,0.2522951662540436,0.747704803943634,True
G3-Kinect-ELK-P3T2-Unknown-E2B1-3,P3T2,ELK,1,1,0.7476192116737366,0.2523808479309082,0.7476192116737366,True
G3-Kinect-RTK-P3T2-Unknown-E2B1-0,P3T2,RTK,1,1,0.7480395436286926,0.25196048617362976,0.7480395436286926,True
G3-Kinect-RTK-P3T2-Unknown-C-0,P3T2,RTK,0,1,0.7480520009994507,0.25194796919822693,0.7480520009994507,False
G3-Kinect-CTK-P3T2-Unknown-E2B3-1,P3T2,CTK,1,1,0.7405386567115784,0.25946134328842163,0.7405386567115784,True
G3-Kinect-ELK-P3T2-Unknown-E2B1-4,P3T2,ELK,1,1,0.7477537393569946,0.25224629044532776,0.7477537393569946,True
G3-Kinect-ELK-P3T2-Unknown-E2B3-4,P3T2,ELK,1,1,0.7476163506507874,0.25238367915153503,0.7476163506507874,True
G3-Kinect-RTK-P3T2-Unknown-E2B3-2,P3T2,RTK,1,1,0.7480860948562622,0.2519138753414154,0.7480860948562622,True
G3-Kinect-ELK-P3T2-Unknown-C-4,P3T2,ELK,0,1,0.7472384572029114,0.25276151299476624,0.7472384572029114,False
G3-Kinect-ELK-P3T2-Unknown-C-2,P3T2,ELK,0,1,0.7477136254310608,0.2522864043712616,0.7477136254310608,False
G3-Kinect-ELK-P3T2-Unknown-E2B2-4,P3T2,ELK,1,1,0.7470649480819702,0.2529350221157074,0.7470649480819702,True
G3-Kinect-RTK-P3T2-Unknown-E2B2-1,P3T2,RTK,1,1,0.7481064796447754,0.25189346075057983,0.7481064796447754,True
G3-Kinect-CTK-P1T1-Unknown-E1B1-4,P1T1,CTK,1,1,0.7560225129127502,0.24397753179073334,0.7560225129127502,True
G3-Kinect-CTK-P1T1-Unknown-E1B2-1,P1T1,CTK,1,1,0.7560259699821472,0.2439740002155304,0.7560259699821472,True
G3-Kinect-RTK-P1T1-Unknown-E1B1-1,P1T1,RTK,1,1,0.7559698224067688,0.2440301775932312,0.7559698224067688,True
G3-Kinect-RTK-P1T1-Unknown-E1B3-0,P1T1,RTK,1,1,0.7561832070350647,0.24381683766841888,0.7561832070350647,True
G3-Kinect-ELK-P1T1-Unknown-E1B2-2,P1T1,ELK,1,1,0.7560853362083435,0.24391469359397888,0.7560853362083435,True
G3-Kinect-ELK-P1T1-Unknown-E1B2-4,P1T1,ELK,1,1,0.7560373544692993,0.24396266043186188,0.7560373544692993,True
G3-Kinect-RTK-P1T1-Unknown-E1B1-2,P1T1,RTK,1,1,0.7559689283370972,0.24403104186058044,0.7559689283370972,True
G3-Kinect-ELK-P1T1-Unknown-E1B3-1,P1T1,ELK,1,1,0.7559835314750671,0.24401642382144928,0.7559835314750671,True
G3-Kinect-ELK-P1T1-Unknown-E1B3-4,P1T1,ELK,1,1,0.7560843825340271,0.24391566216945648,0.7560843825340271,True
G3-Kinect-CTK-P1T1-Unknown-E1B2-0,P1T1,CTK,1,1,0.7560792565345764,0.2439207136631012,0.7560792565345764,True
G3-Kinect-CTK-P1T1-Unknown-E1B2-4,P1T1,CTK,1,1,0.7560297846794128,0.24397018551826477,0.7560297846794128,True
G3-Kinect-ELK-P1T1-Unknown-C-3,P1T1,ELK,0,1,0.7560883164405823,0.24391166865825653,0.7560883164405823,False
G3-Kinect-CTK-P1T1-Unknown-C-1,P1T1,CTK,0,1,0.7556575536727905,0.24434247612953186,0.7556575536727905,False
G3-Kinect-RTK-P1T1-Unknown-C-1,P1T1,RTK,0,1,0.7560391426086426,0.2439609169960022,0.7560391426086426,False
G3-Kinect-RTK-P1T1-Unknown-E1B2-3,P1T1,RTK,1,1,0.756026566028595,0.24397338926792145,0.756026566028595,True
G3-Kinect-CTK-P1T1-Unknown-E1B3-2,P1T1,CTK,1,1,0.7560803294181824,0.24391967058181763,0.7560803294181824,True
G3-Kinect-CTK-P1T1-Unknown-E1B1-2,P1T1,CTK,1,1,0.7569580674171448,0.24304193258285522,0.7569580674171448,True
G3-Kinect-CTK-P1T1-Unknown-E1B3-4,P1T1,CTK,1,1,0.756458580493927,0.2435413897037506,0.756458580493927,True
G3-Kinect-ELK-P1T1-Unknown-E1B3-2,P1T1,ELK,1,1,0.7559863924980164,0.24401365220546722,0.7559863924980164,True
G3-Kinect-RTK-P1T1-Unknown-E1B2-2,P1T1,RTK,1,1,0.7560276985168457,0.24397236108779907,0.7560276985168457,True
G3-Kinect-RTK-P1T1-Unknown-E1B3-2,P1T1,RTK,1,1,0.7560263276100159,0.24397370219230652,0.7560263276100159,True
G3-Kinect-RTK-P1T1-Unknown-E1B1-0,P1T1,RTK,1,1,0.7560816407203674,0.24391832947731018,0.7560816407203674,True
G3-Kinect-ELK-P1T1-Unknown-E1B1-3,P1T1,ELK,1,1,0.7561370134353638,0.2438630312681198,0.7561370134353638,True
G3-Kinect-RTK-P1T1-Unknown-C-4,P1T1,RTK,0,1,0.7560231685638428,0.24397677183151245,0.7560231685638428,False
G3-Kinect-CTK-P1T1-Unknown-E1B3-3,P1T1,CTK,1,1,0.7560309171676636,0.24396912753582,0.7560309171676636,True
G3-Kinect-CTK-P1T1-Unknown-C-2,P1T1,CTK,0,1,0.7558485269546509,0.24415147304534912,0.7558485269546509,False
G3-Kinect-ELK-P1T1-Unknown-E1B3-0,P1T1,ELK,1,1,0.7559750080108643,0.24402497708797455,0.7559750080108643,True
G3-Kinect-ELK-P1T1-Unknown-E1B3-3,P1T1,ELK,1,1,0.7560354471206665,0.24396450817584991,0.7560354471206665,True
G3-Kinect-RTK-P1T1-Unknown-E1B2-4,P1T1,RTK,1,1,0.7560800313949585,0.24392002820968628,0.7560800313949585,True
G3-Kinect-ELK-P1T1-Unknown-C-0,P1T1,ELK,0,1,0.7560797333717346,0.2439202517271042,0.7560797333717346,False
G3-Kinect-RTK-P1T1-Unknown-E1B3-1,P1T1,RTK,1,1,0.7559722661972046,0.24402770400047302,0.7559722661972046,True
G3-Kinect-ELK-P1T1-Unknown-E1B2-0,P1T1,ELK,1,1,0.7560287714004517,0.24397118389606476,0.7560287714004517,True
G3-Kinect-CTK-P1T1-Unknown-C-0,P1T1,CTK,0,1,0.7558629512786865,0.2441370189189911,0.7558629512786865,False
G3-Kinect-RTK-P1T1-Unknown-E1B1-3,P1T1,RTK,1,1,0.7560269236564636,0.243973046541214,0.7560269236564636,True
G3-Kinect-ELK-P1T1-Unknown-E1B2-1,P1T1,ELK,1,1,0.7560309171676636,0.24396912753582,0.7560309171676636,True
G3-Kinect-CTK-P1T1-Unknown-E1B2-3,P1T1,CTK,1,1,0.7559744119644165,0.24402561783790588,0.7559744119644165,True
G3-Kinect-CTK-P1T1-Unknown-E1B1-0,P1T1,CTK,1,1,0.7558491826057434,0.24415083229541779,0.7558491826057434,True
G3-Kinect-RTK-P1T1-Unknown-C-2,P1T1,RTK,0,1,0.7561315298080444,0.24386848509311676,0.7561315298080444,False
G3-Kinect-CTK-P1T1-Unknown-C-3,P1T1,CTK,0,1,0.7559214234352112,0.24407857656478882,0.7559214234352112,False
G3-Kinect-ELK-P1T1-Unknown-E1B1-1,P1T1,ELK,1,1,0.7560234069824219,0.24397657811641693,0.7560234069824219,True
G3-Kinect-RTK-P1T1-Unknown-E1B3-3,P1T1,RTK,1,1,0.7559731602668762,0.24402682483196259,0.7559731602668762,True
G3-Kinect-ELK-P1T1-Unknown-C-4,P1T1,ELK,0,1,0.7560853362083435,0.24391470849514008,0.7560853362083435,False
G3-Kinect-CTK-P1T1-Unknown-E1B1-1,P1T1,CTK,1,1,0.7557892799377441,0.24421076476573944,0.7557892799377441,True
G3-Kinect-RTK-P1T1-Unknown-E1B3-4,P1T1,RTK,1,1,0.7560283541679382,0.24397163093090057,0.7560283541679382,True
G3-Kinect-CTK-P1T1-Unknown-E1B3-1,P1T1,CTK,1,1,0.7565016746520996,0.24349835515022278,0.7565016746520996,True
G3-Kinect-ELK-P1T1-Unknown-E1B1-2,P1T1,ELK,1,1,0.7561343908309937,0.24386557936668396,0.7561343908309937,True
G3-Kinect-RTK-P1T1-Unknown-E1B2-0,P1T1,RTK,1,1,0.7558532953262329,0.24414673447608948,0.7558532953262329,True
G3-Kinect-ELK-P1T1-Unknown-C-2,P1T1,ELK,0,1,0.7559826970100403,0.24401725828647614,0.7559826970100403,False
G3-Kinect-ELK-P1T1-Unknown-E1B2-3,P1T1,ELK,1,1,0.7560341358184814,0.24396581947803497,0.7560341358184814,True
G3-Kinect-ELK-P1T1-Unknown-E1B1-4,P1T1,ELK,1,1,0.7560414671897888,0.2439585030078888,0.7560414671897888,True
G3-Kinect-RTK-P1T1-Unknown-E1B2-1,P1T1,RTK,1,1,0.7559151649475098,0.24408483505249023,0.7559151649475098,True
G3-Kinect-CTK-P1T1-Unknown-E1B3-0,P1T1,CTK,1,1,0.7561870813369751,0.2438129037618637,0.7561870813369751,True
G3-Kinect-CTK-P1T1-Unknown-E1B1-3,P1T1,CTK,1,1,0.7560377717018127,0.24396227300167084,0.7560377717018127,True
G3-Kinect-ELK-P1T1-Unknown-E1B1-0,P1T1,ELK,1,1,0.7560290694236755,0.24397099018096924,0.7560290694236755,True
G3-Kinect-RTK-P1T1-Unknown-C-3,P1T1,RTK,0,1,0.7559757232666016,0.24402432143688202,0.7559757232666016,False
G3-Kinect-RTK-P1T1-Unknown-E1B1-4,P1T1,RTK,1,1,0.756027340888977,0.24397267401218414,0.756027340888977,True
G3-Kinect-ELK-P1T1-Unknown-C-1,P1T1,ELK,0,1,0.7564975023269653,0.24350248277187347,0.7564975023269653,False
G3-Kinect-CTK-P1T1-Unknown-C-4,P1T1,CTK,0,1,0.7558499574661255,0.2441500425338745,0.7558499574661255,False
G3-Kinect-CTK-P1T1-Unknown-E1B2-2,P1T1,CTK,1,1,0.7560349106788635,0.24396511912345886,0.7560349106788635,True
G3-Kinect-RTK-P1T1-Unknown-C-0,P1T1,RTK,0,1,0.7560762763023376,0.24392375349998474,0.7560762763023376,False
G3-Kinect-RTK-P3T1-Unknown-E1B3-2,P3T1,RTK,1,1,0.7656569480895996,0.234343022108078,0.7656569480895996,True
G3-Kinect-ELK-P3T1-Unknown-C-0,P3T1,ELK,0,1,0.7479105591773987,0.2520894706249237,0.7479105591773987,False
G3-Kinect-RTK-P3T1-Unknown-E1B1-0,P3T1,RTK,1,1,0.7656974196434021,0.2343026101589203,0.7656974196434021,True
G3-Kinect-CTK-P3T1-Unknown-C-3,P3T1,CTK,0,1,0.7478167414665222,0.2521832585334778,0.7478167414665222,False
G3-Kinect-RTK-P3T1-Unknown-E1B2-4,P3T1,RTK,1,1,0.7656584978103638,0.23434148728847504,0.7656584978103638,True
G3-Kinect-RTK-P3T1-Unknown-E1B1-2,P3T1,RTK,1,1,0.7656995058059692,0.23430046439170837,0.7656995058059692,True
G3-Kinect-ELK-P3T1-Unknown-C-3,P3T1,ELK,0,1,0.7640781998634338,0.23592178523540497,0.7640781998634338,False
G3-Kinect-CTK-P3T1-Unknown-E1B3-2,P3T1,CTK,1,1,0.7577672004699707,0.2422328144311905,0.7577672004699707,True
G3-Kinect-CTK-P3T1-Unknown-E1B1-3,P3T1,CTK,1,1,0.7632270455360413,0.23677296936511993,0.7632270455360413,True
G3-Kinect-CTK-P3T1-Unknown-E1B1-4,P3T1,CTK,1,1,0.7435348629951477,0.2564651668071747,0.7435348629951477,True
G3-Kinect-RTK-P3T1-Unknown-C-0,P3T1,RTK,0,1,0.7657065987586975,0.23429347574710846,0.7657065987586975,False
G3-Kinect-CTK-P3T1-Unknown-C-2,P3T1,CTK,0,1,0.7431674003601074,0.25683262944221497,0.7431674003601074,False
G3-Kinect-RTK-P3T1-Unknown-C-2,P3T1,RTK,0,1,0.765699565410614,0.2343004196882248,0.765699565410614,False
G3-Kinect-CTK-P3T1-Unknown-E1B1-2,P3T1,CTK,1,1,0.7436285614967346,0.2563714385032654,0.7436285614967346,True
G3-Kinect-ELK-P3T1-Unknown-E1B1-3,P3T1,ELK,1,1,0.7632679343223572,0.23673206567764282,0.7632679343223572,True
G3-Kinect-RTK-P3T1-Unknown-E1B2-0,P3T1,RTK,1,1,0.765742301940918,0.23425771296024323,0.765742301940918,True
G3-Kinect-ELK-P3T1-Unknown-E1B3-1,P3T1,ELK,1,1,0.7643495798110962,0.2356504648923874,0.7643495798110962,True
G3-Kinect-ELK-P3T1-Unknown-E1B1-0,P3T1,ELK,1,1,0.7625195384025574,0.23748047649860382,0.7625195384025574,True
G3-Kinect-ELK-P3T1-Unknown-E1B3-3,P3T1,ELK,1,1,0.764845073223114,0.23515495657920837,0.764845073223114,True
G3-Kinect-RTK-P3T1-Unknown-C-4,P3T1,RTK,0,1,0.7656998634338379,0.23430009186267853,0.7656998634338379,False
G3-Kinect-CTK-P3T1-Unknown-E1B2-0,P3T1,CTK,1,1,0.7433192729949951,0.25668075680732727,0.7433192729949951,True
G3-Kinect-ELK-P3T1-Unknown-E1B1-4,P3T1,ELK,1,1,0.7600786089897156,0.2399214506149292,0.7600786089897156,True
G3-Kinect-ELK-P3T1-Unknown-E1B1-1,P3T1,ELK,1,1,0.7611384391784668,0.2388615757226944,0.7611384391784668,True
G3-Kinect-ELK-P3T1-Unknown-E1B3-2,P3T1,ELK,1,1,0.7646617889404297,0.2353382557630539,0.7646617889404297,True
G3-Kinect-CTK-P3T1-Unknown-E1B2-2,P3T1,CTK,1,1,0.7370125651359558,0.2629873752593994,0.7370125651359558,True
G3-Kinect-CTK-P3T1-Unknown-E1B1-1,P3T1,CTK,1,1,0.7253961563110352,0.27460387349128723,0.7253961563110352,True
G3-Kinect-CTK-P3T1-Unknown-E1B3-0,P3T1,CTK,1,1,0.7566816806793213,0.24331825971603394,0.7566816806793213,True
G3-Kinect-ELK-P3T1-Unknown-C-4,P3T1,ELK,0,1,0.7632315754890442,0.23676840960979462,0.7632315754890442,False
G3-Kinect-ELK-P3T1-Unknown-E1B2-3,P3T1,ELK,1,1,0.7627838850021362,0.23721612989902496,0.7627838850021362,True
G3-Kinect-CTK-P3T1-Unknown-C-0,P3T1,CTK,0,1,0.7514351010322571,0.2485649138689041,0.7514351010322571,False
G3-Kinect-RTK-P3T1-Unknown-E1B1-1,P3T1,RTK,1,1,0.7659657001495361,0.23403435945510864,0.7659657001495361,True
G3-Kinect-ELK-P3T1-Unknown-E1B2-4,P3T1,ELK,1,1,0.7637901306152344,0.23620988428592682,0.7637901306152344,True
G3-Kinect-RTK-P3T1-Unknown-C-3,P3T1,RTK,0,1,0.7656981945037842,0.23430177569389343,0.7656981945037842,False
G3-Kinect-RTK-P3T1-Unknown-E1B3-4,P3T1,RTK,1,1,0.765607476234436,0.23439247906208038,0.765607476234436,True
G3-Kinect-CTK-P3T1-Unknown-E1B3-4,P3T1,CTK,1,1,0.7552987337112427,0.24470126628875732,0.7552987337112427,True
G3-Kinect-CTK-P3T1-Unknown-E1B3-1,P3T1,CTK,1,1,0.753544807434082,0.24645519256591797,0.753544807434082,True
G3-Kinect-RTK-P3T1-Unknown-E1B2-2,P3T1,RTK,1,1,0.7656580805778503,0.23434197902679443,0.7656580805778503,True
G3-Kinect-ELK-P3T1-Unknown-E1B2-0,P3T1,ELK,1,1,0.7610939145088196,0.2389061003923416,0.7610939145088196,True
G3-Kinect-CTK-P3T1-Unknown-C-4,P3T1,CTK,0,1,0.7479921579360962,0.2520078420639038,0.7479921579360962,False
G3-Kinect-RTK-P3T1-Unknown-E1B2-3,P3T1,RTK,1,1,0.7657015919685364,0.23429836332798004,0.7657015919685364,True
G3-Kinect-CTK-P3T1-Unknown-E1B2-3,P3T1,CTK,1,1,0.737016499042511,0.262983500957489,0.737016499042511,True
G3-Kinect-RTK-P3T1-Unknown-E1B1-3,P3T1,RTK,1,1,0.7655605673789978,0.2344394326210022,0.7655605673789978,True
G3-Kinect-CTK-P3T1-Unknown-E1B2-4,P3T1,CTK,1,1,0.7551578879356384,0.24484212696552277,0.7551578879356384,True
G3-Kinect-RTK-P3T1-Unknown-E1B3-1,P3T1,RTK,1,1,0.7657408118247986,0.23425915837287903,0.7657408118247986,True
G3-Kinect-CTK-P3T1-Unknown-E1B2-1,P3T1,CTK,1,1,0.7480756640434265,0.2519242763519287,0.7480756640434265,True
G3-Kinect-ELK-P3T1-Unknown-E1B1-2,P3T1,ELK,1,1,0.7600476741790771,0.23995234072208405,0.7600476741790771,True
G3-Kinect-ELK-P3T1-Unknown-C-2,P3T1,ELK,0,1,0.7647543549537659,0.23524563014507294,0.7647543549537659,False
G3-Kinect-ELK-P3T1-Unknown-E1B2-1,P3T1,ELK,1,1,0.7615050077438354,0.23849499225616455,0.7615050077438354,True
G3-Kinect-ELK-P3T1-Unknown-E1B3-0,P3T1,ELK,1,1,0.7637907266616821,0.23620928823947906,0.7637907266616821,True
G3-Kinect-RTK-P3T1-Unknown-E1B3-3,P3T1,RTK,1,1,0.7656061053276062,0.23439396917819977,0.7656061053276062,True
G3-Kinect-RTK-P3T1-Unknown-E1B3-0,P3T1,RTK,1,1,0.7656985521316528,0.23430144786834717,0.7656985521316528,True
G3-Kinect-RTK-P3T1-Unknown-E1B2-1,P3T1,RTK,1,1,0.7656148672103882,0.23438507318496704,0.7656148672103882,True
G3-Kinect-ELK-P3T1-Unknown-C-1,P3T1,ELK,0,1,0.7615436911582947,0.23845624923706055,0.7615436911582947,False
G3-Kinect-RTK-P3T1-Unknown-E1B1-4,P3T1,RTK,1,1,0.7657827734947205,0.23421724140644073,0.7657827734947205,True
G3-Kinect-CTK-P3T1-Unknown-C-1,P3T1,CTK,0,1,0.7535832524299622,0.24641670286655426,0.7535832524299622,False
G3-Kinect-RTK-P3T1-Unknown-C-1,P3T1,RTK,0,1,0.7657024264335632,0.23429757356643677,0.7657024264335632,False
G3-Kinect-CTK-P3T1-Unknown-E1B1-0,P3T1,CTK,1,1,0.7510116696357727,0.24898838996887207,0.7510116696357727,True
G3-Kinect-ELK-P3T1-Unknown-E1B3-4,P3T1,ELK,1,1,0.7652276754379272,0.23477233946323395,0.7652276754379272,True
G3-Kinect-CTK-P3T1-Unknown-E1B3-3,P3T1,CTK,1,1,0.7566539645195007,0.24334602057933807,0.7566539645195007,True
G3-Kinect-ELK-P3T1-Unknown-E1B2-2,P3T1,ELK,1,1,0.7627760767936707,0.23722392320632935,0.7627760767936707,True
G3-Kinect-RTK-P3T3-Unknown-E3B2-4,P3T3,RTK,1,1,0.742902934551239,0.257097065448761,0.742902934551239,True
G3-Kinect-CTK-P3T3-Unknown-E3B1-3,P3T3,CTK,1,1,0.7384430170059204,0.2615569233894348,0.7384430170059204,True
G3-Kinect-RTK-P3T3-Unknown-E3B1-2,P3T3,RTK,1,1,0.7429681420326233,0.2570318579673767,0.7429681420326233,True
G3-Kinect-RTK-P3T3-Unknown-E3B3-4,P3T3,RTK,1,1,0.7429183721542358,0.2570815682411194,0.7429183721542358,True
G3-Kinect-RTK-P3T3-Unknown-E3B2-1,P3T3,RTK,1,1,0.7428610324859619,0.2571389675140381,0.7428610324859619,True
G3-Kinect-ELK-P3T3-Unknown-C-0,P3T3,ELK,0,1,0.7415265440940857,0.2584735155105591,0.7415265440940857,False
G3-Kinect-RTK-P3T3-Unknown-C-1,P3T3,RTK,0,1,0.7429768443107605,0.2570232152938843,0.7429768443107605,False
G3-Kinect-ELK-P3T3-Unknown-E3B1-2,P3T3,ELK,1,1,0.7417757511138916,0.2582241892814636,0.7417757511138916,True
G3-Kinect-RTK-P3T3-Unknown-C-4,P3T3,RTK,0,1,0.7429671883583069,0.2570327818393707,0.7429671883583069,False
G3-Kinect-CTK-P3T3-Unknown-C-0,P3T3,CTK,0,1,0.7276259064674377,0.2723740339279175,0.7276259064674377,False
G3-Kinect-ELK-P3T3-Unknown-E3B2-1,P3T3,ELK,1,1,0.7411509156227112,0.25884905457496643,0.7411509156227112,True
G3-Kinect-RTK-P3T3-Unknown-E3B2-0,P3T3,RTK,1,1,0.7430218458175659,0.25697818398475647,0.7430218458175659,True
G3-Kinect-ELK-P3T3-Unknown-C-4,P3T3,ELK,0,1,0.7413249015808105,0.25867506861686707,0.7413249015808105,False
G3-Kinect-RTK-P3T3-Unknown-E3B3-1,P3T3,RTK,1,1,0.7429327964782715,0.25706717371940613,0.7429327964782715,True
G3-Kinect-ELK-P3T3-Unknown-E3B2-2,P3T3,ELK,1,1,0.7414121031761169,0.25858789682388306,0.7414121031761169,True
G3-Kinect-RTK-P3T3-Unknown-C-2,P3T3,RTK,0,1,0.7429245710372925,0.25707539916038513,0.7429245710372925,False
G3-Kinect-RTK-P3T3-Unknown-E3B3-3,P3T3,RTK,1,1,0.7429250478744507,0.2570749819278717,0.7429250478744507,True
G3-Kinect-RTK-P3T3-Unknown-E3B1-4,P3T3,RTK,1,1,0.7428866028785706,0.25711336731910706,0.7428866028785706,True
G3-Kinect-CTK-P3T3-Unknown-E3B3-3,P3T3,CTK,1,1,0.7405340671539307,0.25946590304374695,0.7405340671539307,True
G3-Kinect-ELK-P3T3-Unknown-E3B3-3,P3T3,ELK,1,1,0.741148829460144,0.25885114073753357,0.741148829460144,True
G3-Kinect-ELK-P3T3-Unknown-E3B1-3,P3T3,ELK,1,1,0.7422427535057068,0.2577572166919708,0.7422427535057068,True
G3-Kinect-RTK-P3T3-Unknown-C-3,P3T3,RTK,0,1,0.7428535223007202,0.2571465075016022,0.7428535223007202,False
G3-Kinect-CTK-P3T3-Unknown-E3B1-0,P3T3,CTK,1,1,0.7403181791305542,0.2596818208694458,0.7403181791305542,True
G3-Kinect-CTK-P3T3-Unknown-E3B3-4,P3T3,CTK,1,1,0.7399377822875977,0.26006218791007996,0.7399377822875977,True
G3-Kinect-ELK-P3T3-Unknown-E3B3-1,P3T3,ELK,1,1,0.7415193319320679,0.25848060846328735,0.7415193319320679,True
G3-Kinect-CTK-P3T3-Unknown-C-3,P3T3,CTK,0,1,0.7419415712356567,0.2580583989620209,0.7419415712356567,False
G3-Kinect-RTK-P3T3-Unknown-E3B2-3,P3T3,RTK,1,1,0.7429125308990479,0.25708749890327454,0.7429125308990479,True
G3-Kinect-RTK-P3T3-Unknown-E3B2-2,P3T3,RTK,1,1,0.7429609298706055,0.25703904032707214,0.7429609298706055,True
G3-Kinect-CTK-P3T3-Unknown-C-2,P3T3,CTK,0,1,0.7425286769866943,0.2574712932109833,0.7425286769866943,False
G3-Kinect-ELK-P3T3-Unknown-C-2,P3T3,ELK,0,1,0.7417721748352051,0.25822779536247253,0.7417721748352051,False
G3-Kinect-ELK-P3T3-Unknown-C-3,P3T3,ELK,0,1,0.7418656349182129,0.2581343650817871,0.7418656349182129,False
G3-Kinect-CTK-P3T3-Unknown-E3B3-0,P3T3,CTK,1,1,0.73944091796875,0.2605590522289276,0.73944091796875,True
G3-Kinect-CTK-P3T3-Unknown-E3B3-1,P3T3,CTK,1,1,0.740339457988739,0.259660542011261,0.740339457988739,True
G3-Kinect-CTK-P3T3-Unknown-E3B2-4,P3T3,CTK,1,1,0.7396972179412842,0.2603027820587158,0.7396972179412842,True
G3-Kinect-ELK-P3T3-Unknown-E3B1-1,P3T3,ELK,1,1,0.7416865229606628,0.25831344723701477,0.7416865229606628,True
G3-Kinect-CTK-P3T3-Unknown-E3B2-2,P3T3,CTK,1,1,0.7393981218338013,0.26060181856155396,0.7393981218338013,True
G3-Kinect-CTK-P3T3-Unknown-E3B1-2,P3T3,CTK,1,1,0.738911509513855,0.2610885500907898,0.738911509513855,True
G3-Kinect-ELK-P3T3-Unknown-E3B1-0,P3T3,ELK,1,1,0.7412808537483215,0.2587190866470337,0.7412808537483215,True
G3-Kinect-RTK-P3T3-Unknown-C-0,P3T3,RTK,0,1,0.743038535118103,0.25696149468421936,0.743038535118103,False
G3-Kinect-CTK-P3T3-Unknown-E3B2-0,P3T3,CTK,1,1,0.7370467782020569,0.26295316219329834,0.7370467782020569,True
G3-Kinect-CTK-P3T3-Unknown-E3B1-4,P3T3,CTK,1,1,0.7352551221847534,0.26474490761756897,0.7352551221847534,True
G3-Kinect-RTK-P3T3-Unknown-E3B3-0,P3T3,RTK,1,1,0.7429867386817932,0.2570132315158844,0.7429867386817932,True
G3-Kinect-ELK-P3T3-Unknown-E3B1-4,P3T3,ELK,1,1,0.7412849068641663,0.25871506333351135,0.7412849068641663,True
G3-Kinect-ELK-P3T3-Unknown-E3B3-4,P3T3,ELK,1,1,0.7414273619651794,0.25857260823249817,0.7414273619651794,True
G3-Kinect-ELK-P3T3-Unknown-E3B2-4,P3T3,ELK,1,1,0.7418631315231323,0.2581368088722229,0.7418631315231323,True
G3-Kinect-ELK-P3T3-Unknown-E3B2-0,P3T3,ELK,1,1,0.7401131987571716,0.25988680124282837,0.7401131987571716,True
G3-Kinect-RTK-P3T3-Unknown-E3B1-1,P3T3,RTK,1,1,0.742920994758606,0.25707900524139404,0.742920994758606,True
G3-Kinect-ELK-P3T3-Unknown-C-1,P3T3,ELK,0,1,0.7421077489852905,0.2578922212123871,0.7421077489852905,False
G3-Kinect-CTK-P3T3-Unknown-E3B2-3,P3T3,CTK,1,1,0.7395094633102417,0.2604904770851135,0.7395094633102417,True
G3-Kinect-RTK-P3T3-Unknown-E3B1-3,P3T3,RTK,1,1,0.7429790496826172,0.25702089071273804,0.7429790496826172,True
G3-Kinect-CTK-P3T3-Unknown-E3B2-1,P3T3,CTK,1,1,0.7382776737213135,0.26172226667404175,0.7382776737213135,True
G3-Kinect-CTK-P3T3-Unknown-E3B3-2,P3T3,CTK,1,1,0.7403178811073303,0.2596820890903473,0.7403178811073303,True
G3-Kinect-RTK-P3T3-Unknown-E3B1-0,P3T3,RTK,1,1,0.7430403828620911,0.25695961713790894,0.7430403828620911,True
G3-Kinect-ELK-P3T3-Unknown-E3B2-3,P3T3,ELK,1,1,0.7416470646858215,0.25835299491882324,0.7416470646858215,True
G3-Kinect-ELK-P3T3-Unknown-E3B3-2,P3T3,ELK,1,1,0.7406684160232544,0.259331613779068,0.7406684160232544,True
G3-Kinect-CTK-P3T3-Unknown-C-4,P3T3,CTK,0,1,0.7412611246109009,0.2587389349937439,0.7412611246109009,False
G3-Kinect-CTK-P3T3-Unknown-C-1,P3T3,CTK,0,1,0.7351745367050171,0.2648254930973053,0.7351745367050171,False
G3-Kinect-RTK-P3T3-Unknown-E3B3-2,P3T3,RTK,1,1,0.7429831624031067,0.2570168077945709,0.7429831624031067,True
G3-Kinect-ELK-P3T3-Unknown-E3B3-0,P3T3,ELK,1,1,0.7424967288970947,0.2575032413005829,0.7424967288970947,True
G3-Kinect-CTK-P3T3-Unknown-E3B1-1,P3T3,CTK,1,1,0.7396635413169861,0.2603364586830139,0.7396635413169861,True
G3-Kinect-ELK-P2T3-Unknown-E3B1-0,P2T3,ELK,1,1,0.7598847150802612,0.24011532962322235,0.7598847150802612,True
G3-Kinect-RTK-P2T3-Unknown-E3B2-0,P2T3,RTK,1,1,0.7767190933227539,0.2232808917760849,0.7767190933227539,True
G3-Kinect-ELK-P2T3-Unknown-E3B1-1,P2T3,ELK,1,1,0.7648640275001526,0.23513592779636383,0.7648640275001526,True
G3-Kinect-RTK-P2T3-Unknown-E3B1-3,P2T3,RTK,1,1,0.776892900466919,0.22310714423656464,0.776892900466919,True
G3-Kinect-ELK-P2T3-Unknown-E3B1-2,P2T3,ELK,1,1,0.7649233341217041,0.23507671058177948,0.7649233341217041,True
G3-Kinect-ELK-P2T3-Unknown-C-3,P2T3,ELK,0,1,0.7305417656898499,0.26945820450782776,0.7305417656898499,False
G3-Kinect-RTK-P2T3-Unknown-E3B3-3,P2T3,RTK,1,1,0.7768126130104065,0.2231874167919159,0.7768126130104065,True
G3-Kinect-ELK-P2T3-Unknown-E3B1-4,P2T3,ELK,1,1,0.7649788856506348,0.23502111434936523,0.7649788856506348,True
G3-Kinect-ELK-P2T3-Unknown-C-1,P2T3,ELK,0,1,0.6845434904098511,0.3154565095901489,0.6845434904098511,False
G3-Kinect-ELK-P2T3-Unknown-E3B3-2,P2T3,ELK,1,1,0.7649268507957458,0.23507314920425415,0.7649268507957458,True
G3-Kinect-RTK-P2T3-Unknown-E3B1-0,P2T3,RTK,1,1,0.7768829464912415,0.22311709821224213,0.7768829464912415,True
G3-Kinect-CTK-P2T3-Unknown-E3B3-1,P2T3,CTK,1,1,0.7481220960617065,0.2518778443336487,0.7481220960617065,True
G3-Kinect-CTK-P2T3-Unknown-C-4,P2T3,CTK,0,1,0.7616987228393555,0.23830121755599976,0.7616987228393555,False
G3-Kinect-RTK-P2T3-Unknown-E3B2-1,P2T3,RTK,1,1,0.7767951488494873,0.2232048213481903,0.7767951488494873,True
G3-Kinect-RTK-P2T3-Unknown-E3B3-4,P2T3,RTK,1,1,0.7768120765686035,0.22318793833255768,0.7768120765686035,True
G3-Kinect-CTK-P2T3-Unknown-E3B2-1,P2T3,CTK,1,1,0.7573221921920776,0.24267780780792236,0.7573221921920776,True
G3-Kinect-RTK-P2T3-Unknown-C-1,P2T3,RTK,0,1,0.7765567898750305,0.2234431803226471,0.7765567898750305,False
G3-Kinect-CTK-P2T3-Unknown-E3B1-4,P2T3,CTK,1,1,0.7478560209274292,0.2521440386772156,0.7478560209274292,True
G3-Kinect-RTK-P2T3-Unknown-C-2,P2T3,RTK,0,1,0.7767177820205688,0.22328226268291473,0.7767177820205688,False
G3-Kinect-ELK-P2T3-Unknown-E3B1-3,P2T3,ELK,1,1,0.7600124478340149,0.23998752236366272,0.7600124478340149,True
G3-Kinect-CTK-P2T3-Unknown-E3B2-2,P2T3,CTK,1,1,0.7532263994216919,0.24677357077598572,0.7532263994216919,True
G3-Kinect-CTK-P2T3-Unknown-E3B2-0,P2T3,CTK,1,1,0.7567235231399536,0.2432764619588852,0.7567235231399536,True
G3-Kinect-CTK-P2T3-Unknown-E3B1-2,P2T3,CTK,1,1,0.7532788515090942,0.24672119319438934,0.7532788515090942,True
G3-Kinect-CTK-P2T3-Unknown-E3B1-1,P2T3,CTK,1,1,0.7301505208015442,0.2698495090007782,0.7301505208015442,True
G3-Kinect-ELK-P2T3-Unknown-E3B3-3,P2T3,ELK,1,1,0.7597278952598572,0.24027207493782043,0.7597278952598572,True
G3-Kinect-CTK-P2T3-Unknown-E3B3-0,P2T3,CTK,1,1,0.7338884472846985,0.2661115229129791,0.7338884472846985,True
G3-Kinect-RTK-P2T3-Unknown-E3B3-1,P2T3,RTK,1,1,0.7768082618713379,0.22319170832633972,0.7768082618713379,True
G3-Kinect-ELK-P2T3-Unknown-E3B3-4,P2T3,ELK,1,1,0.7567398548126221,0.24326013028621674,0.7567398548126221,True
G3-Kinect-CTK-P2T3-Unknown-E3B1-0,P2T3,CTK,1,1,0.7533133029937744,0.2466866672039032,0.7533133029937744,True
G3-Kinect-CTK-P2T3-Unknown-E3B3-4,P2T3,CTK,1,1,0.7486188411712646,0.25138112902641296,0.7486188411712646,True
G3-Kinect-ELK-P2T3-Unknown-E3B2-0,P2T3,ELK,1,1,0.7616458535194397,0.23835419118404388,0.7616458535194397,True
G3-Kinect-ELK-P2T3-Unknown-E3B2-3,P2T3,ELK,1,1,0.7597538828849792,0.24024614691734314,0.7597538828849792,True
G3-Kinect-ELK-P2T3-Unknown-E3B2-2,P2T3,ELK,1,1,0.7536349296569824,0.2463650107383728,0.7536349296569824,True
G3-Kinect-RTK-P2T3-Unknown-C-0,P2T3,RTK,0,1,0.7768104076385498,0.2231895923614502,0.7768104076385498,False
G3-Kinect-ELK-P2T3-Unknown-C-0,P2T3,ELK,0,1,0.7303871512413025,0.2696128785610199,0.7303871512413025,False
G3-Kinect-RTK-P2T3-Unknown-E3B1-2,P2T3,RTK,1,1,0.7768067717552185,0.2231932133436203,0.7768067717552185,True
G3-Kinect-CTK-P2T3-Unknown-C-3,P2T3,CTK,0,1,0.7427088022232056,0.25729119777679443,0.7427088022232056,False
G3-Kinect-ELK-P2T3-Unknown-C-4,P2T3,ELK,0,1,0.7634719610214233,0.23652800917625427,0.7634719610214233,False
G3-Kinect-ELK-P2T3-Unknown-E3B3-1,P2T3,ELK,1,1,0.7534593343734741,0.2465406060218811,0.7534593343734741,True
G3-Kinect-RTK-P2T3-Unknown-E3B2-3,P2T3,RTK,1,1,0.7767907381057739,0.22320933640003204,0.7767907381057739,True
G3-Kinect-CTK-P2T3-Unknown-E3B3-3,P2T3,CTK,1,1,0.7168488502502441,0.28315111994743347,0.7168488502502441,True
G3-Kinect-ELK-P2T3-Unknown-C-2,P2T3,ELK,0,1,0.6859464049339294,0.31405356526374817,0.6859464049339294,False
G3-Kinect-CTK-P2T3-Unknown-C-0,P2T3,CTK,0,1,0.7310842275619507,0.2689157724380493,0.7310842275619507,False
G3-Kinect-RTK-P2T3-Unknown-E3B3-0,P2T3,RTK,1,1,0.776725709438324,0.22327427566051483,0.776725709438324,True
G3-Kinect-RTK-P2T3-Unknown-E3B1-1,P2T3,RTK,1,1,0.7770293354988098,0.22297073900699615,0.7770293354988098,True
G3-Kinect-CTK-P2T3-Unknown-C-1,P2T3,CTK,0,1,0.7595463395118713,0.24045369029045105,0.7595463395118713,False
G3-Kinect-RTK-P2T3-Unknown-E3B1-4,P2T3,RTK,1,1,0.776724100112915,0.22327591478824615,0.776724100112915,True
G3-Kinect-CTK-P2T3-Unknown-E3B3-2,P2T3,CTK,1,1,0.7569302320480347,0.24306975305080414,0.7569302320480347,True
G3-Kinect-ELK-P2T3-Unknown-E3B3-0,P2T3,ELK,1,1,0.76179438829422,0.23820559680461884,0.76179438829422,True
G3-Kinect-CTK-P2T3-Unknown-C-2,P2T3,CTK,0,1,0.7529644966125488,0.24703550338745117,0.7529644966125488,False
G3-Kinect-ELK-P2T3-Unknown-E3B2-1,P2T3,ELK,1,1,0.7618123292922974,0.23818770051002502,0.7618123292922974,True
G3-Kinect-RTK-P2T3-Unknown-C-3,P2T3,RTK,0,1,0.7767245173454285,0.22327545285224915,0.7767245173454285,False
G3-Kinect-CTK-P2T3-Unknown-E3B2-3,P2T3,CTK,1,1,0.7621113061904907,0.2378886342048645,0.7621113061904907,True
G3-Kinect-CTK-P2T3-Unknown-E3B1-3,P2T3,CTK,1,1,0.7618050575256348,0.23819494247436523,0.7618050575256348,True
G3-Kinect-RTK-P2T3-Unknown-E3B2-2,P2T3,RTK,1,1,0.7768031358718872,0.2231968641281128,0.7768031358718872,True
G3-Kinect-ELK-P2T3-Unknown-E3B2-4,P2T3,ELK,1,1,0.7636317014694214,0.23636828362941742,0.7636317014694214,True
G3-Kinect-RTK-P2T3-Unknown-C-4,P2T3,RTK,0,1,0.7766258120536804,0.2233741581439972,0.7766258120536804,False
G3-Kinect-RTK-P2T3-Unknown-E3B2-4,P2T3,RTK,1,1,0.7768012881278992,0.22319872677326202,0.7768012881278992,True
G3-Kinect-RTK-P2T3-Unknown-E3B3-2,P2T3,RTK,1,1,0.7768885493278503,0.22311149537563324,0.7768885493278503,True
G3-Kinect-CTK-P2T3-Unknown-E3B2-4,P2T3,CTK,1,1,0.7318336367607117,0.2681663930416107,0.7318336367607117,True
